date_ny,symbol,dividend,div_event_flag,div_amount,div_negative_flag,split_ratio,split_flag,split_mult,split_nonpos_flag,shares_out,shares_out_nonpos_flag,shares_out_ffill,log_shares_out,shares_out_roll_mean_252,shares_out_roll_std_252,shares_out_roll_z_252,earnings_flag,eps_estimate,eps_actual,eps_surp_pct,eps_surp_pct_calc,eps_surp_pct_final,eps_surp_winsor,eps_surp_rz_8,dividend_iqr_outlier,div_amount_iqr_outlier,split_ratio_iqr_outlier,split_mult_iqr_outlier,shares_out_iqr_outlier,log_shares_out_iqr_outlier,eps_estimate_iqr_outlier,eps_actual_iqr_outlier,eps_surp_pct_final_iqr_outlier,eps_surp_winsor_iqr_outlier,div_amount_rz_8,eps_estimate_rz_8,eps_actual_rz_8,5d_before_earnings_flag,year,month,day
2024/4/30,AMAT,0.0,0,0.0,0,0,1,0,1,830897024,0,830897024,20.538016428173872,20.54249960198268,0.0046093829858951,-0.972619073,0,0.0,0.0,0.0,0.0,0.0,0.0,0.0,0,0,0,0,0,0,0,0,0,0,0.0,0.0,0.0,0,2024,4,30
2024/5/1,AMAT,0.0,0,0.0,0,0,1,0,1,830897024,0,830897024,20.538016428173872,20.54245755913941,0.0046017582823063,-0.96509436,0,0.0,0.0,0.0,0.0,0.0,0.0,0.0,0,0,0,0,0,0,0,0,0,0,0.0,0.0,0.0,0,2024,5,1
2024/5/2,AMAT,0.0,0,0.0,0,0,1,0,1,830897024,0,830897024,20.538016428173872,20.54239089725176,0.0045435673646833,-0.962782925,0,0.0,0.0,0.0,0.0,0.0,0.0,0.0,0,0,0,0,0,0,0,0,0,0,0.0,0.0,0.0,0,2024,5,2
2024/5/3,AMAT,0.0,0,0.0,0,0,1,0,1,830897024,0,830897024,20.538016428173872,20.54234885440849,0.0045348243255504,-0.955368042,0,0.0,0.0,0.0,0.0,0.0,0.0,0.0,0,0,0,0,0,0,0,0,0,0,0.0,0.0,0.0,0,2024,5,3
2024/5/6,AMAT,0.0,0,0.0,0,0,1,0,1,830897024,0,830897024,20.538016428173872,20.542253150333003,0.0045361303124225,-0.933994808,0,0.0,0.0,0.0,0.0,0.0,0.0,0.0,0,0,0,0,0,0,0,0,0,0,0.0,0.0,0.0,0,2024,5,6
2024/5/7,AMAT,0.0,0,0.0,0,0,1,0,1,830897024,0,830897024,20.538016428173872,20.542226319716896,0.0045411117368777,-0.927061871,0,0.0,0.0,0.0,0.0,0.0,0.0,0.0,0,0,0,0,0,0,0,0,0,0,0.0,0.0,0.0,0,2024,5,7
2024/5/8,AMAT,0.0,0,0.0,0,0,1,0,1,830897024,0,830897024,20.538016428173872,20.542199489100778,0.0045459293481549,-0.920177285,0,0.0,0.0,0.0,0.0,0.0,0.0,0.0,0,0,0,0,0,0,0,0,0,0,0.0,0.0,0.0,5,2024,5,8
2024/5/9,AMAT,0.0,0,0.0,0,0,1,0,1,830897024,0,830897024,20.538016428173872,20.542172658484667,0.0045505836665314,-0.913340049,0,0.0,0.0,0.0,0.0,0.0,0.0,0.0,0,0,0,0,0,0,0,0,0,0,0.0,0.0,0.0,4,2024,5,9
2024/5/10,AMAT,0.0,0,0.0,0,0,1,0,1,830897024,0,830897024,20.538016428173872,20.54214582786856,0.0045550751925591,-0.906549183,0,0.0,0.0,0.0,0.0,0.0,0.0,0.0,0,0,0,0,0,0,0,0,0,0,0.0,0.0,0.0,3,2024,5,10
2024/5/14,AMAT,0.0,0,0.0,0,0,1,0,1,830897024,0,830897024,20.538016428173872,20.542038505404115,0.0045714227091471,-0.879830522,0,0.0,0.0,0.0,0.0,0.0,0.0,0.0,0,0,0,0,0,0,0,0,0,0,0.0,0.0,0.0,2,2024,5,14
2024/5/15,AMAT,0.0,0,0.0,0,0,1,0,1,830897024,0,830897024,20.538016428173872,20.542011674788,0.0045751071102064,-0.873257504,0,0.0,0.0,0.0,0.0,0.0,0.0,0.0,0,0,0,0,0,0,0,0,0,0,0.0,0.0,0.0,1,2024,5,15
2024/5/16,AMAT,0.0,0,0.0,0,0,1,0,1,830897024,0,830897024,20.538016428173872,20.54198484417189,0.0045786313227967,-0.866725385,1,1.99,2.09,5.27,5.025125628140696,5.27,5.27,-1.821125051,0,0,0,0,0,0,0,0,0,0,0.0,0.0,0.0,0,2024,5,16
2024/5/17,AMAT,0.0,0,0.0,0,0,1,0,1,830897024,0,830897024,20.538016428173872,20.54195801355577,0.0045819957165417,-0.860233319,0,0.0,0.0,0.0,0.0,0.0,0.0,0.0,0,0,0,0,0,0,0,0,0,0,0.0,0.0,0.0,0,2024,5,17
2024/5/20,AMAT,0.0,0,0.0,0,0,1,0,1,830897024,0,830897024,20.538016428173872,20.54187752170744,0.0045911334147256,-0.840989182,0,0.0,0.0,0.0,0.0,0.0,0.0,0.0,0,0,0,0,0,0,0,0,0,0,0.0,0.0,0.0,0,2024,5,20
2024/5/21,AMAT,0.0,0,0.0,0,0,1,0,1,831464000,0,831464000,20.53869856161314,20.54185069109133,0.0045938618756373,-0.686161135,0,0.0,0.0,0.0,0.0,0.0,0.0,0.0,0,0,0,0,0,0,0,0,0,0,0.0,0.0,0.0,0,2024,5,21
2024/5/22,AMAT,0.4,1,0.4,0,0,1,0,1,830897024,0,830897024,20.538016428173872,20.541826567353944,0.0045943894784221,-0.829302609,0,0.0,0.0,0.0,0.0,0.0,0.0,0.0,1,1,0,0,0,0,0,0,0,0,0.0,0.0,0.0,0,2024,5,22
2024/5/23,AMAT,0.0,0,0.0,0,0,1,0,1,837182016,0,837182016,20.54555206837232,20.54179973673784,0.004596818607109,0.8162888195495134,0,0.0,0.0,0.0,0.0,0.0,0.0,0.0,0,0,0,0,0,0,0,0,0,0,0.0,0.0,0.0,0,2024,5,23
2024/5/24,AMAT,0.0,0,0.0,0,0,1,0,1,830897024,0,830897024,20.538016428173872,20.54180280945584,0.0045990664592789,-0.823293448,0,0.0,0.0,0.0,0.0,0.0,0.0,0.0,0,0,0,0,0,0,0,0,0,0,0.0,0.0,0.0,0,2024,5,24
2024/5/29,AMAT,0.0,0,0.0,0,0,1,0,1,827974976,0,827974976,20.534493490878376,20.54161273673568,0.0046738218141893,-1.523217217,0,0.0,0.0,0.0,0.0,0.0,0.0,0.0,0,0,0,0,0,0,0,0,0,0,0.0,0.0,0.0,0,2024,5,29
2024/5/30,AMAT,0.0,0,0.0,0,0,1,0,1,827974976,0,827974976,20.534493490878376,20.541571926209656,0.0046908761902037,-1.508979356,0,0.0,0.0,0.0,0.0,0.0,0.0,0.0,0,0,0,0,0,0,0,0,0,0,0.0,0.0,0.0,0,2024,5,30
2024/5/31,AMAT,0.0,0,0.0,0,0,1,0,1,837955008,0,837955008,20.546474968460924,20.541509736777257,0.0046804105835764,1.0608538706175423,0,0.0,0.0,0.0,0.0,0.0,0.0,0.0,0,0,0,0,0,0,0,0,0,0,0.0,0.0,0.0,0,2024,5,31
2024/6/3,AMAT,0.0,0,0.0,0,0,1,0,1,837955008,0,837955008,20.546474968460924,20.54146580511795,0.0046158349503469,1.0852128372995125,0,0.0,0.0,0.0,0.0,0.0,0.0,0.0,0,0,0,0,0,0,0,0,0,0,0.0,0.0,0.0,0,2024,6,3
2024/6/4,AMAT,0.0,0,0.0,0,0,1,0,1,837955008,0,837955008,20.546474968460924,20.54145116123152,0.0045940146786736,1.093554892788657,0,0.0,0.0,0.0,0.0,0.0,0.0,0.0,0,0,0,0,0,0,0,0,0,0,0.0,0.0,0.0,0,2024,6,4
2024/6/5,AMAT,0.0,0,0.0,0,0,1,0,1,827974976,0,827974976,20.534493490878376,20.541436517345083,0.0045720433681312,-1.51858281,0,0.0,0.0,0.0,0.0,0.0,0.0,0.0,0,0,0,0,0,0,0,0,0,0,0.0,0.0,0.0,0,2024,6,5
2024/6/6,AMAT,0.0,0,0.0,0,0,1,0,1,827974976,0,827974976,20.534493490878376,20.541374327912685,0.0045594585597686,-1.50913468,0,0.0,0.0,0.0,0.0,0.0,0.0,0.0,0,0,0,0,0,0,0,0,0,0,0.0,0.0,0.0,0,2024,6,6
2024/6/7,AMAT,0.0,0,0.0,0,0,1,0,1,827974976,0,827974976,20.534493490878376,20.541312138480286,0.0045459882429916,-1.499926361,0,0.0,0.0,0.0,0.0,0.0,0.0,0.0,0,0,0,0,0,0,0,0,0,0,0.0,0.0,0.0,0,2024,6,7
2024/6/10,AMAT,0.0,0,0.0,0,0,1,0,1,827974976,0,827974976,20.534493490878376,20.54112557018309,0.0045001821119714,-1.47373576,0,0.0,0.0,0.0,0.0,0.0,0.0,0.0,0,0,0,0,0,0,0,0,0,0,0.0,0.0,0.0,0,2024,6,10
2024/6/11,AMAT,0.0,0,0.0,0,0,1,0,1,827974976,0,827974976,20.534493490878376,20.541063380750696,0.0044830843828845,-1.465484321,0,0.0,0.0,0.0,0.0,0.0,0.0,0.0,0,0,0,0,0,0,0,0,0,0,0.0,0.0,0.0,0,2024,6,11
2024/6/13,AMAT,0.0,0,0.0,0,0,1,0,1,827974976,0,827974976,20.534493490878376,20.5409390018859,0.0044460829408999,-1.449705526,0,0.0,0.0,0.0,0.0,0.0,0.0,0.0,0,0,0,0,0,0,0,0,0,0,0.0,0.0,0.0,0,2024,6,13
2024/6/14,AMAT,0.0,0,0.0,0,0,1,0,1,827974976,0,827974976,20.534493490878376,20.5408768124535,0.0044261557708134,-1.442181863,0,0.0,0.0,0.0,0.0,0.0,0.0,0.0,0,0,0,0,0,0,0,0,0,0,0.0,0.0,0.0,0,2024,6,14
2024/6/17,AMAT,0.0,0,0.0,0,0,1,0,1,827974976,0,827974976,20.534493490878376,20.54069024415631,0.0043605101504194,-1.421107408,0,0.0,0.0,0.0,0.0,0.0,0.0,0.0,0,0,0,0,0,0,0,0,0,0,0.0,0.0,0.0,0,2024,6,17
2024/6/18,AMAT,0.0,0,0.0,0,0,1,0,1,827974976,0,827974976,20.534493490878376,20.54062805472391,0.0043366242583418,-1.414594274,0,0.0,0.0,0.0,0.0,0.0,0.0,0.0,0,0,0,0,0,0,0,0,0,0,0.0,0.0,0.0,0,2024,6,18
2024/6/20,AMAT,0.0,0,0.0,0,0,1,0,1,827974976,0,827974976,20.534493490878376,20.540525054765496,0.0043203123064866,-1.396094416,0,0.0,0.0,0.0,0.0,0.0,0.0,0.0,0,0,0,0,0,0,0,0,0,0,0.0,0.0,0.0,0,2024,6,20
2024/6/21,AMAT,0.0,0,0.0,0,0,1,0,1,827974976,0,827974976,20.534493490878376,20.540484244239483,0.004328513573957,-1.384020925,0,0.0,0.0,0.0,0.0,0.0,0.0,0.0,0,0,0,0,0,0,0,0,0,0,0.0,0.0,0.0,0,2024,6,21
2024/6/24,AMAT,0.0,0,0.0,0,0,1,0,1,827974976,0,827974976,20.534493490878376,20.54036181266144,0.004350728418849,-1.348813628,0,0.0,0.0,0.0,0.0,0.0,0.0,0.0,0,0,0,0,0,0,0,0,0,0,0.0,0.0,0.0,0,2024,6,24
2024/6/25,AMAT,0.0,0,0.0,0,0,1,0,1,827974976,0,827974976,20.534493490878376,20.540321002135425,0.0043573438143739,-1.337399917,0,0.0,0.0,0.0,0.0,0.0,0.0,0.0,0,0,0,0,0,0,0,0,0,0,0.0,0.0,0.0,0,2024,6,25
2024/6/26,AMAT,0.0,0,0.0,0,0,1,0,1,827974976,0,827974976,20.534493490878376,20.54028019160941,0.004363567515311,-1.326139841,0,0.0,0.0,0.0,0.0,0.0,0.0,0.0,0,0,0,0,0,0,0,0,0,0,0.0,0.0,0.0,0,2024,6,26
2024/6/28,AMAT,0.0,0,0.0,0,0,1,0,1,827974976,0,827974976,20.534493490878376,20.54016309985521,0.0043007105238152,-1.318295883,0,0.0,0.0,0.0,0.0,0.0,0.0,0.0,0,0,0,0,0,0,0,0,0,0,0.0,0.0,0.0,0,2024,6,28
2024/7/1,AMAT,0.0,0,0.0,0,0,1,0,1,827974976,0,827974976,20.534493490878376,20.540040668277168,0.00431396367588,-1.285865579,0,0.0,0.0,0.0,0.0,0.0,0.0,0.0,0,0,0,0,0,0,0,0,0,0,0.0,0.0,0.0,0,2024,7,1
2024/7/2,AMAT,0.0,0,0.0,0,0,1,0,1,827974976,0,827974976,20.534493490878376,20.539999857751155,0.0043176009306555,-1.275330203,0,0.0,0.0,0.0,0.0,0.0,0.0,0.0,0,0,0,0,0,0,0,0,0,0,0.0,0.0,0.0,0,2024,7,2
2024/7/3,AMAT,0.0,0,0.0,0,0,1,0,1,827974976,0,827974976,20.534493490878376,20.53995904722514,0.0043208496847166,-1.264926287,0,0.0,0.0,0.0,0.0,0.0,0.0,0.0,0,0,0,0,0,0,0,0,0,0,0.0,0.0,0.0,0,2024,7,3
2024/7/5,AMAT,0.0,0,0.0,0,0,1,0,1,827974976,0,827974976,20.534493490878376,20.53987742617311,0.0043261850869732,-1.244499527,0,0.0,0.0,0.0,0.0,0.0,0.0,0.0,0,0,0,0,0,0,0,0,0,0,0.0,0.0,0.0,0,2024,7,5
2024/7/8,AMAT,0.0,0,0.0,0,0,1,0,1,827974976,0,827974976,20.534493490878376,20.539754994595068,0.0043312928825579,-1.214765166,0,0.0,0.0,0.0,0.0,0.0,0.0,0.0,0,0,0,0,0,0,0,0,0,0,0.0,0.0,0.0,0,2024,7,8
2024/7/9,AMAT,0.0,0,0.0,0,0,1,0,1,827974976,0,827974976,20.534493490878376,20.53971418406905,0.0043322253228118,-1.205083485,0,0.0,0.0,0.0,0.0,0.0,0.0,0.0,0,0,0,0,0,0,0,0,0,0,0.0,0.0,0.0,0,2024,7,9
2024/7/10,AMAT,0.0,0,0.0,0,0,1,0,1,827974976,0,827974976,20.534493490878376,20.539673373543035,0.0043327731838465,-1.195512076,0,0.0,0.0,0.0,0.0,0.0,0.0,0.0,0,0,0,0,0,0,0,0,0,0,0.0,0.0,0.0,0,2024,7,10
2024/7/11,AMAT,0.0,0,0.0,0,0,1,0,1,827974976,0,827974976,20.534493490878376,20.539632563017022,0.0043329366115419,-1.186048308,0,0.0,0.0,0.0,0.0,0.0,0.0,0.0,0,0,0,0,0,0,0,0,0,0,0.0,0.0,0.0,0,2024,7,11
2024/7/15,AMAT,0.0,0,0.0,0,0,1,0,1,827974976,0,827974976,20.534493490878376,20.539469320912964,0.0043297453235601,-1.149220026,0,0.0,0.0,0.0,0.0,0.0,0.0,0.0,0,0,0,0,0,0,0,0,0,0,0.0,0.0,0.0,0,2024,7,15
2024/7/16,AMAT,0.0,0,0.0,0,0,1,0,1,827974976,0,827974976,20.534493490878376,20.53942851038695,0.0043279851886918,-1.140257948,0,0.0,0.0,0.0,0.0,0.0,0.0,0.0,0,0,0,0,0,0,0,0,0,0,0.0,0.0,0.0,0,2024,7,16
2024/7/17,AMAT,0.0,0,0.0,0,0,1,0,1,827974976,0,827974976,20.534493490878376,20.53938769986094,0.0043258393430771,-1.131389447,0,0.0,0.0,0.0,0.0,0.0,0.0,0.0,0,0,0,0,0,0,0,0,0,0,0.0,0.0,0.0,0,2024,7,17
2024/7/18,AMAT,0.0,0,0.0,0,0,1,0,1,827974976,0,827974976,20.534493490878376,20.53934688933492,0.0043233072123809,-1.12261244,0,0.0,0.0,0.0,0.0,0.0,0.0,0.0,0,0,0,0,0,0,0,0,0,0,0.0,0.0,0.0,0,2024,7,18
2024/7/19,AMAT,0.0,0,0.0,0,0,1,0,1,827974976,0,827974976,20.534493490878376,20.53930607880891,0.0043203881174112,-1.113924907,0,0.0,0.0,0.0,0.0,0.0,0.0,0.0,0,0,0,0,0,0,0,0,0,0,0.0,0.0,0.0,0,2024,7,19
2024/7/22,AMAT,0.0,0,0.0,0,0,1,0,1,827974976,0,827974976,20.534493490878376,20.539183647230864,0.0043093006618239,-1.08837993,0,0.0,0.0,0.0,0.0,0.0,0.0,0.0,0,0,0,0,0,0,0,0,0,0,0.0,0.0,0.0,0,2024,7,22
2024/7/23,AMAT,0.0,0,0.0,0,0,1,0,1,827974976,0,827974976,20.534493490878376,20.539142836704848,0.0043048247855366,-1.080031374,0,0.0,0.0,0.0,0.0,0.0,0.0,0.0,0,0,0,0,0,0,0,0,0,0,0.0,0.0,0.0,0,2024,7,23
2024/7/24,AMAT,0.0,0,0.0,0,0,1,0,1,827974976,0,827974976,20.534493490878376,20.539102026178835,0.0042999569388865,-1.071763128,0,0.0,0.0,0.0,0.0,0.0,0.0,0.0,0,0,0,0,0,0,0,0,0,0,0.0,0.0,0.0,0,2024,7,24
2024/7/25,AMAT,0.0,0,0.0,0,0,1,0,1,827974976,0,827974976,20.534493490878376,20.53906121565282,0.0042946957890308,-1.063573533,0,0.0,0.0,0.0,0.0,0.0,0.0,0.0,0,0,0,0,0,0,0,0,0,0,0.0,0.0,0.0,0,2024,7,25
2024/7/26,AMAT,0.0,0,0.0,0,0,1,0,1,827974976,0,827974976,20.534493490878376,20.53902040512681,0.0042890398886339,-1.055460981,0,0.0,0.0,0.0,0.0,0.0,0.0,0.0,0,0,0,0,0,0,0,0,0,0,0.0,0.0,0.0,0,2024,7,26
2024/7/30,AMAT,0.0,0,0.0,0,0,1,0,1,827974976,0,827974976,20.534493490878376,20.53885716302275,0.0042624357085492,-1.023750842,0,0.0,0.0,0.0,0.0,0.0,0.0,0.0,0,0,0,0,0,0,0,0,0,0,0.0,0.0,0.0,0,2024,7,30
2024/7/31,AMAT,0.0,0,0.0,0,0,1,0,1,827974976,0,827974976,20.534493490878376,20.53881635249673,0.004254780185292,-1.016001163,0,0.0,0.0,0.0,0.0,0.0,0.0,0.0,0,0,0,0,0,0,0,0,0,0,0.0,0.0,0.0,0,2024,7,31
2024/8/1,AMAT,0.0,0,0.0,0,0,1,0,1,827974976,0,827974976,20.534493490878376,20.53877554197072,0.0042467186959727,-1.008319929,0,0.0,0.0,0.0,0.0,0.0,0.0,0.0,0,0,0,0,0,0,0,0,0,0,0.0,0.0,0.0,0,2024,8,1
2024/8/2,AMAT,0.0,0,0.0,0,0,1,0,1,827974976,0,827974976,20.534493490878376,20.538734731444706,0.0042382489240519,-1.000705868,0,0.0,0.0,0.0,0.0,0.0,0.0,0.0,0,0,0,0,0,0,0,0,0,0,0.0,0.0,0.0,0,2024,8,2
2024/8/5,AMAT,0.0,0,0.0,0,0,1,0,1,827974976,0,827974976,20.534493490878376,20.53861229986666,0.0042103646792569,-0.978254689,0,0.0,0.0,0.0,0.0,0.0,0.0,0.0,0,0,0,0,0,0,0,0,0,0,0.0,0.0,0.0,0,2024,8,5
2024/8/6,AMAT,0.0,0,0.0,0,0,1,0,1,827974976,0,827974976,20.534493490878376,20.538571489340647,0.0042002358266613,-0.9708975,0,0.0,0.0,0.0,0.0,0.0,0.0,0.0,0,0,0,0,0,0,0,0,0,0,0.0,0.0,0.0,0,2024,8,6
2024/8/7,AMAT,0.0,0,0.0,0,0,1,0,1,827974976,0,827974976,20.534493490878376,20.53853067881463,0.0041896849844274,-0.963601787,0,0.0,0.0,0.0,0.0,0.0,0.0,0.0,0,0,0,0,0,0,0,0,0,0,0.0,0.0,0.0,5,2024,8,7
2024/8/8,AMAT,0.0,0,0.0,0,0,1,0,1,827974976,0,827974976,20.534493490878376,20.53848986828862,0.0041787089561056,-0.956366536,0,0.0,0.0,0.0,0.0,0.0,0.0,0.0,0,0,0,0,0,0,0,0,0,0,0.0,0.0,0.0,4,2024,8,8
2024/8/9,AMAT,0.0,0,0.0,0,0,1,0,1,827974976,0,827974976,20.534493490878376,20.5384490577626,0.0041673043820761,-0.949190777,0,0.0,0.0,0.0,0.0,0.0,0.0,0.0,0,0,0,0,0,0,0,0,0,0,0.0,0.0,0.0,3,2024,8,9
2024/8/12,AMAT,0.0,0,0.0,0,0,1,0,1,827974976,0,827974976,20.534493490878376,20.53832662618456,0.0041304832215575,-0.928011349,0,0.0,0.0,0.0,0.0,0.0,0.0,0.0,0,0,0,0,0,0,0,0,0,0,0.0,0.0,0.0,2,2024,8,12
2024/8/14,AMAT,0.0,0,0.0,0,0,1,0,1,827974976,0,827974976,20.534493490878376,20.53824500513253,0.004103723578292,-0.914173234,0,0.0,0.0,0.0,0.0,0.0,0.0,0.0,0,0,0,0,0,0,0,0,0,0,0.0,0.0,0.0,1,2024,8,14
2024/8/15,AMAT,0.0,0,0.0,0,0,1,0,1,827974976,0,827974976,20.534493490878376,20.53820419460652,0.0040896672837359,-0.907336336,1,2.03,2.12,4.68,4.433497536945828,4.68,4.68,-1.161008684,0,0,0,0,0,0,0,0,0,0,0.0,0.0,0.0,0,2024,8,15
2024/8/16,AMAT,0.0,0,0.0,0,0,1,0,1,827974976,0,827974976,20.534493490878376,20.5381633840805,0.0040751538349151,-0.900553292,0,0.0,0.0,0.0,0.0,0.0,0.0,0.0,0,0,0,0,0,0,0,0,0,0,0.0,0.0,0.0,0,2024,8,16
2024/8/19,AMAT,0.0,0,0.0,0,0,1,0,1,827974976,0,827974976,20.534493490878376,20.538040952502463,0.0040288203794051,-0.880521167,0,0.0,0.0,0.0,0.0,0.0,0.0,0.0,0,0,0,0,0,0,0,0,0,0,0.0,0.0,0.0,0,2024,8,19
2024/8/20,AMAT,0.0,0,0.0,0,0,1,0,1,827974976,0,827974976,20.534493490878376,20.538000141976443,0.0040124269393728,-0.873947651,0,0.0,0.0,0.0,0.0,0.0,0.0,0.0,0,0,0,0,0,0,0,0,0,0,0.0,0.0,0.0,0,2024,8,20
2024/8/21,AMAT,0.0,0,0.0,0,0,1,0,1,827974976,0,827974976,20.534493490878376,20.53795933145043,0.0039955494290563,-0.867425277,0,0.0,0.0,0.0,0.0,0.0,0.0,0.0,0,0,0,0,0,0,0,0,0,0,0.0,0.0,0.0,0,2024,8,21
2024/8/22,AMAT,0.4,1,0.4,0,0,1,0,1,827974976,0,827974976,20.534493490878376,20.537918520924418,0.0039781816874286,-0.86095365,0,0.0,0.0,0.0,0.0,0.0,0.0,0.0,1,1,0,0,0,0,0,0,0,0,0.0,0.0,0.0,0,2024,8,22
2024/8/23,AMAT,0.0,0,0.0,0,0,1,0,1,827974976,0,827974976,20.534493490878376,20.5378777103984,0.003960317264852,-0.854532426,0,0.0,0.0,0.0,0.0,0.0,0.0,0.0,0,0,0,0,0,0,0,0,0,0,0.0,0.0,0.0,0,2024,8,23
2024/8/26,AMAT,0.0,0,0.0,0,0,1,0,1,824403968,0,824403968,20.53017122137947,20.53772097509417,0.0039508926731506,-1.910898204,0,0.0,0.0,0.0,0.0,0.0,0.0,0.0,0,0,0,0,0,0,0,0,0,0,0.0,0.0,0.0,0,2024,8,26
2024/8/27,AMAT,0.0,0,0.0,0,0,1,0,1,851459968,0,851459968,20.56246304463072,20.537663012705067,0.0039540824329197,6.272006804709196,0,0.0,0.0,0.0,0.0,0.0,0.0,0.0,0,0,0,0,0,0,0,0,0,0,0.0,0.0,0.0,0,2024,8,27
2024/8/29,AMAT,0.0,0,0.0,0,0,1,0,1,824403968,0,824403968,20.53017122137947,20.537727267838832,0.0042768604609445,-1.766727376,0,0.0,0.0,0.0,0.0,0.0,0.0,0.0,0,0,0,0,0,0,0,0,0,0,0.0,0.0,0.0,0,2024,8,29
2024/8/30,AMAT,0.0,0,0.0,0,0,1,0,1,824403968,0,824403968,20.53017122137947,20.537695324327835,0.004303035041844,-1.74855721,0,0.0,0.0,0.0,0.0,0.0,0.0,0.0,0,0,0,0,0,0,0,0,0,0,0.0,0.0,0.0,0,2024,8,30
2024/9/3,AMAT,0.0,0,0.0,0,0,1,0,1,824403968,0,824403968,20.53017122137947,20.53756755028384,0.0044038623376785,-1.679509562,0,0.0,0.0,0.0,0.0,0.0,0.0,0.0,0,0,0,0,0,0,0,0,0,0,0.0,0.0,0.0,0,2024,9,3
2024/9/4,AMAT,0.0,0,0.0,0,0,1,0,1,824403968,0,824403968,20.53017122137947,20.53753560677284,0.0044281344581234,-1.663089832,0,0.0,0.0,0.0,0.0,0.0,0.0,0.0,0,0,0,0,0,0,0,0,0,0,0.0,0.0,0.0,0,2024,9,4
2024/9/5,AMAT,0.0,0,0.0,0,0,1,0,1,824403968,0,824403968,20.53017122137947,20.53750366326184,0.0044520450686653,-1.646982852,0,0.0,0.0,0.0,0.0,0.0,0.0,0.0,0,0,0,0,0,0,0,0,0,0,0.0,0.0,0.0,0,2024,9,5
2024/9/6,AMAT,0.0,0,0.0,0,0,1,0,1,824403968,0,824403968,20.53017122137947,20.53747171975084,0.0044755999633394,-1.631177592,0,0.0,0.0,0.0,0.0,0.0,0.0,0.0,0,0,0,0,0,0,0,0,0,0,0.0,0.0,0.0,0,2024,9,6
2024/9/9,AMAT,0.0,0,0.0,0,0,1,0,1,849966016,0,849966016,20.560706926649416,20.537618236085063,0.0049496527897297,4.664709131165268,0,0.0,0.0,0.0,0.0,0.0,0.0,0.0,0,0,0,0,0,0,0,0,0,0,0.0,0.0,0.0,0,2024,9,9
2024/9/10,AMAT,0.0,0,0.0,0,0,1,0,1,849966016,0,849966016,20.560706926649416,20.53770746600768,0.0051580118431248,4.458977866131663,0,0.0,0.0,0.0,0.0,0.0,0.0,0.0,0,0,0,0,0,0,0,0,0,0,0.0,0.0,0.0,0,2024,9,10
2024/9/11,AMAT,0.0,0,0.0,0,0,1,0,1,849966016,0,849966016,20.560706926649416,20.53779669593029,0.0053567887442546,4.276859105877357,0,0.0,0.0,0.0,0.0,0.0,0.0,0.0,0,0,0,0,0,0,0,0,0,0,0.0,0.0,0.0,0,2024,9,11
2024/9/13,AMAT,0.0,0,0.0,0,0,1,0,1,824403968,0,824403968,20.53017122137947,20.5378539823419,0.0055681300744624,-1.379773974,0,0.0,0.0,0.0,0.0,0.0,0.0,0.0,0,0,0,0,0,0,0,0,0,0,0.0,0.0,0.0,0,2024,9,13
2024/9/16,AMAT,0.0,0,0.0,0,0,1,0,1,824403968,0,824403968,20.53017122137947,20.53770168191046,0.0055530991905217,-1.356082482,0,0.0,0.0,0.0,0.0,0.0,0.0,0.0,0,0,0,0,0,0,0,0,0,0,0.0,0.0,0.0,0,2024,9,16
2024/9/17,AMAT,0.0,0,0.0,0,0,1,0,1,824403968,0,824403968,20.53017122137947,20.53766973839946,0.0055731365657007,-1.345475197,0,0.0,0.0,0.0,0.0,0.0,0.0,0.0,0,0,0,0,0,0,0,0,0,0,0.0,0.0,0.0,0,2024,9,17
2024/9/18,AMAT,0.0,0,0.0,0,0,1,0,1,824403968,0,824403968,20.53017122137947,20.53763779488846,0.0055929197173156,-1.335004593,0,0.0,0.0,0.0,0.0,0.0,0.0,0.0,0,0,0,0,0,0,0,0,0,0,0.0,0.0,0.0,0,2024,9,18
2024/9/19,AMAT,0.0,0,0.0,0,0,1,0,1,824403968,0,824403968,20.53017122137947,20.537605851377464,0.0056124513336808,-1.324667165,0,0.0,0.0,0.0,0.0,0.0,0.0,0.0,0,0,0,0,0,0,0,0,0,0,0.0,0.0,0.0,0,2024,9,19
2024/9/20,AMAT,0.0,0,0.0,0,0,1,0,1,824403968,0,824403968,20.53017122137947,20.537573907866467,0.0056317340318718,-1.314459533,0,0.0,0.0,0.0,0.0,0.0,0.0,0.0,0,0,0,0,0,0,0,0,0,0,0.0,0.0,0.0,0,2024,9,20
2024/9/23,AMAT,0.0,0,0.0,0,0,1,0,1,824403968,0,824403968,20.53017122137947,20.537478077333468,0.0056881137690299,-1.2845833,0,0.0,0.0,0.0,0.0,0.0,0.0,0.0,0,0,0,0,0,0,0,0,0,0,0.0,0.0,0.0,0,2024,9,23
2024/9/24,AMAT,0.0,0,0.0,0,0,1,0,1,824403968,0,824403968,20.53017122137947,20.537446133822463,0.00570642562197,-1.274863273,0,0.0,0.0,0.0,0.0,0.0,0.0,0.0,0,0,0,0,0,0,0,0,0,0,0.0,0.0,0.0,0,2024,9,24
2024/9/25,AMAT,0.0,0,0.0,0,0,1,0,1,824403968,0,824403968,20.53017122137947,20.5374128773956,0.0057242775190012,-1.265077731,0,0.0,0.0,0.0,0.0,0.0,0.0,0.0,0,0,0,0,0,0,0,0,0,0,0.0,0.0,0.0,0,2024,9,25
2024/9/26,AMAT,0.0,0,0.0,0,0,1,0,1,824403968,0,824403968,20.53017122137947,20.5373809338846,0.0057421113550963,-1.25558563,0,0.0,0.0,0.0,0.0,0.0,0.0,0.0,0,0,0,0,0,0,0,0,0,0,0.0,0.0,0.0,0,2024,9,26
2024/9/30,AMAT,0.0,0,0.0,0,0,1,0,1,836113984,0,836113984,20.544275507448525,20.537253159840603,0.0058111439369164,1.2084277526342466,0,0.0,0.0,0.0,0.0,0.0,0.0,0.0,0,0,0,0,0,0,0,0,0,0,0.0,0.0,0.0,0,2024,9,30
2024/10/1,AMAT,0.0,0,0.0,0,0,1,0,1,824403968,0,824403968,20.53017122137947,20.537277185718764,0.0058275884856272,-1.219366185,0,0.0,0.0,0.0,0.0,0.0,0.0,0.0,0,0,0,0,0,0,0,0,0,0,0.0,0.0,0.0,0,2024,10,1
2024/10/2,AMAT,0.0,0,0.0,0,0,1,0,1,824403968,0,824403968,20.53017122137947,20.537245242207767,0.0058443655190667,-1.210400138,0,0.0,0.0,0.0,0.0,0.0,0.0,0.0,0,0,0,0,0,0,0,0,0,0,0.0,0.0,0.0,0,2024,10,2
2024/10/3,AMAT,0.0,0,0.0,0,0,1,0,1,824403968,0,824403968,20.53017122137947,20.537213298696766,0.0058609204317501,-1.201530954,0,0.0,0.0,0.0,0.0,0.0,0.0,0.0,0,0,0,0,0,0,0,0,0,0,0.0,0.0,0.0,0,2024,10,3
2024/10/4,AMAT,0.0,0,0.0,0,0,1,0,1,824403968,0,824403968,20.53017122137947,20.53718135518577,0.0058772551006713,-1.192756429,0,0.0,0.0,0.0,0.0,0.0,0.0,0.0,0,0,0,0,0,0,0,0,0,0,0.0,0.0,0.0,0,2024,10,4
2024/10/7,AMAT,0.0,0,0.0,0,0,1,0,1,824403968,0,824403968,20.53017122137947,20.537071280015635,0.0059207689280471,-1.165399076,0,0.0,0.0,0.0,0.0,0.0,0.0,0.0,0,0,0,0,0,0,0,0,0,0,0.0,0.0,0.0,0,2024,10,7
2024/10/8,AMAT,0.0,0,0.0,0,0,1,0,1,824403968,0,824403968,20.53017122137947,20.53703458829225,0.0059347489665576,-1.15647131,0,0.0,0.0,0.0,0.0,0.0,0.0,0.0,0,0,0,0,0,0,0,0,0,0,0.0,0.0,0.0,0,2024,10,8
2024/10/9,AMAT,0.0,0,0.0,0,0,1,0,1,824403968,0,824403968,20.53017122137947,20.53699789656888,0.0059484698307764,-1.147635507,0,0.0,0.0,0.0,0.0,0.0,0.0,0.0,0,0,0,0,0,0,0,0,0,0,0.0,0.0,0.0,0,2024,10,9
2024/10/10,AMAT,0.0,0,0.0,0,0,1,0,1,824403968,0,824403968,20.53017122137947,20.536961204845497,0.005961933310104,-1.138889537,0,0.0,0.0,0.0,0.0,0.0,0.0,0.0,0,0,0,0,0,0,0,0,0,0,0.0,0.0,0.0,0,2024,10,10
2024/10/11,AMAT,0.0,0,0.0,0,0,1,0,1,824403968,0,824403968,20.53017122137947,20.53692451312212,0.0059751411443973,-1.130231333,0,0.0,0.0,0.0,0.0,0.0,0.0,0.0,0,0,0,0,0,0,0,0,0,0,0.0,0.0,0.0,0,2024,10,11
2024/10/15,AMAT,0.0,0,0.0,0,0,1,0,1,824403968,0,824403968,20.53017122137947,20.5367777462286,0.0060254491657922,-1.096436907,0,0.0,0.0,0.0,0.0,0.0,0.0,0.0,0,0,0,0,0,0,0,0,0,0,0.0,0.0,0.0,0,2024,10,15
2024/10/16,AMAT,0.0,0,0.0,0,0,1,0,1,824662976,0,824662976,20.530485348107625,20.53674105450522,0.0060374032269878,-1.036158455,0,0.0,0.0,0.0,0.0,0.0,0.0,0.0,0,0,0,0,0,0,0,0,0,0,0.0,0.0,0.0,0,2024,10,16
2024/10/17,AMAT,0.0,0,0.0,0,0,1,0,1,824403968,0,824403968,20.53017122137947,20.53665025049741,0.0059582082951376,-1.087412322,0,0.0,0.0,0.0,0.0,0.0,0.0,0.0,0,0,0,0,0,0,0,0,0,0,0.0,0.0,0.0,0,2024,10,17
2024/10/18,AMAT,0.0,0,0.0,0,0,1,0,1,824403968,0,824403968,20.53017122137947,20.53655819995496,0.0058778649933122,-1.086615392,0,0.0,0.0,0.0,0.0,0.0,0.0,0.0,0,0,0,0,0,0,0,0,0,0,0.0,0.0,0.0,0,2024,10,18
2024/10/21,AMAT,0.0,0,0.0,0,0,1,0,1,824403968,0,824403968,20.53017122137947,20.536448124784823,0.0059097788642604,-1.062121536,0,0.0,0.0,0.0,0.0,0.0,0.0,0.0,0,0,0,0,0,0,0,0,0,0,0.0,0.0,0.0,0,2024,10,21
2024/10/22,AMAT,0.0,0,0.0,0,0,1,0,1,824403968,0,824403968,20.53017122137947,20.53641143306144,0.0059199237784355,-1.054103383,0,0.0,0.0,0.0,0.0,0.0,0.0,0.0,0,0,0,0,0,0,0,0,0,0,0.0,0.0,0.0,0,2024,10,22
2024/10/23,AMAT,0.0,0,0.0,0,0,1,0,1,824403968,0,824403968,20.53017122137947,20.536374741338065,0.0059298243056083,-1.046155778,0,0.0,0.0,0.0,0.0,0.0,0.0,0.0,0,0,0,0,0,0,0,0,0,0,0.0,0.0,0.0,0,2024,10,23
2024/10/24,AMAT,0.0,0,0.0,0,0,1,0,1,824403968,0,824403968,20.53017122137947,20.536338049614685,0.0059394816678858,-1.038277173,0,0.0,0.0,0.0,0.0,0.0,0.0,0.0,0,0,0,0,0,0,0,0,0,0,0.0,0.0,0.0,0,2024,10,24
2024/10/25,AMAT,0.0,0,0.0,0,0,1,0,1,824403968,0,824403968,20.53017122137947,20.536301357891308,0.0059488970495203,-1.030466061,0,0.0,0.0,0.0,0.0,0.0,0.0,0.0,0,0,0,0,0,0,0,0,0,0,0.0,0.0,0.0,0,2024,10,25
2024/10/28,AMAT,0.0,0,0.0,0,0,1,0,1,824403968,0,824403968,20.53017122137947,20.53619128272117,0.0059757026016139,-1.007423184,0,0.0,0.0,0.0,0.0,0.0,0.0,0.0,0,0,0,0,0,0,0,0,0,0,0.0,0.0,0.0,0,2024,10,28
2024/10/30,AMAT,0.0,0,0.0,0,0,1,0,1,824403968,0,824403968,20.53017122137947,20.53611789927441,0.0059923831437961,-0.992372776,0,0.0,0.0,0.0,0.0,0.0,0.0,0.0,0,0,0,0,0,0,0,0,0,0,0.0,0.0,0.0,0,2024,10,30
2024/10/31,AMAT,0.0,0,0.0,0,0,1,0,1,824403968,0,824403968,20.53017122137947,20.53608120755103,0.0060003694864497,-0.984937042,0,0.0,0.0,0.0,0.0,0.0,0.0,0.0,0,0,0,0,0,0,0,0,0,0,0.0,0.0,0.0,0,2024,10,31
2024/11/1,AMAT,0.0,0,0.0,0,0,1,0,1,824403968,0,824403968,20.53017122137947,20.53604451582765,0.0060081211406439,-0.977559259,0,0.0,0.0,0.0,0.0,0.0,0.0,0.0,0,0,0,0,0,0,0,0,0,0,0.0,0.0,0.0,0,2024,11,1
2024/11/4,AMAT,0.0,0,0.0,0,0,1,0,1,824403968,0,824403968,20.53017122137947,20.53593444065752,0.0060299768863641,-0.955761421,0,0.0,0.0,0.0,0.0,0.0,0.0,0.0,0,0,0,0,0,0,0,0,0,0,0.0,0.0,0.0,0,2024,11,4
2024/11/5,AMAT,0.0,0,0.0,0,0,1,0,1,824403968,0,824403968,20.53017122137947,20.535897748934136,0.0060367985436244,-0.948603389,0,0.0,0.0,0.0,0.0,0.0,0.0,0.0,0,0,0,0,0,0,0,0,0,0,0.0,0.0,0.0,0,2024,11,5
2024/11/6,AMAT,0.0,0,0.0,0,0,1,0,1,824403968,0,824403968,20.53017122137947,20.53586105721076,0.0060433897356861,-0.941497418,0,0.0,0.0,0.0,0.0,0.0,0.0,0.0,0,0,0,0,0,0,0,0,0,0,0.0,0.0,0.0,5,2024,11,6
2024/11/7,AMAT,0.0,0,0.0,0,0,1,0,1,824403968,0,824403968,20.53017122137947,20.53582436548738,0.0060497512158235,-0.93444241,0,0.0,0.0,0.0,0.0,0.0,0.0,0.0,0,0,0,0,0,0,0,0,0,0,0.0,0.0,0.0,4,2024,11,7
2024/11/8,AMAT,0.0,0,0.0,0,0,1,0,1,824403968,0,824403968,20.53017122137947,20.535787673764,0.006055883707948,-0.927437292,0,0.0,0.0,0.0,0.0,0.0,0.0,0.0,0,0,0,0,0,0,0,0,0,0,0.0,0.0,0.0,3,2024,11,8
2024/11/11,AMAT,0.0,0,0.0,0,0,1,0,1,824403968,0,824403968,20.53017122137947,20.53568871849464,0.0060784666533393,-0.907711999,0,0.0,0.0,0.0,0.0,0.0,0.0,0.0,0,0,0,0,0,0,0,0,0,0,0.0,0.0,0.0,2,2024,11,11
2024/11/12,AMAT,0.0,0,0.0,0,0,1,0,1,824403968,0,824403968,20.53017122137947,20.535657586721644,0.0060865500414291,-0.901391643,0,0.0,0.0,0.0,0.0,0.0,0.0,0.0,0,0,0,0,0,0,0,0,0,0,0.0,0.0,0.0,1,2024,11,12
2024/11/14,AMAT,0.0,0,0.0,0,0,1,0,1,824403968,0,824403968,20.53017122137947,20.53558095011139,0.0060922148674171,-0.887974054,1,2.19,2.32,5.71,5.936073059360726,5.71,5.71,-0.623344541,0,0,0,0,0,0,0,0,0,0,0.0,0.0,0.0,0,2024,11,14
2024/11/15,AMAT,0.0,0,0.0,0,0,1,0,1,824403968,0,824403968,20.53017122137947,20.5355498183384,0.0060997300350224,-0.881776231,0,0.0,0.0,0.0,0.0,0.0,0.0,0.0,0,0,0,0,0,0,0,0,0,0,0.0,0.0,0.0,0,2024,11,15
2024/11/18,AMAT,0.0,0,0.0,0,0,1,0,1,907977024,0,907977024,20.62672963338201,20.53622275962261,0.0101379700389885,8.927514424616009,0,0.0,0.0,0.0,0.0,0.0,0.0,0.0,0,0,0,0,1,1,0,0,0,0,0.0,0.0,0.0,0,2024,11,18
2024/11/19,AMAT,0.0,0,0.0,0,0,1,0,1,907977024,0,907977024,20.62672963338201,20.53657479615121,0.0116253029765788,7.755052699480362,0,0.0,0.0,0.0,0.0,0.0,0.0,0.0,0,0,0,0,1,1,0,0,0,0,0.0,0.0,0.0,0,2024,11,19
2024/11/20,AMAT,0.0,0,0.0,0,0,1,0,1,907977024,0,907977024,20.62672963338201,20.53684839116588,0.0128662883776601,6.985794160512618,0,0.0,0.0,0.0,0.0,0.0,0.0,0.0,0,0,0,0,1,1,0,0,0,0,0.0,0.0,0.0,0,2024,11,20
2024/11/21,AMAT,0.4,1,0.4,0,0,1,0,1,907977024,0,907977024,20.62672963338201,20.537114898657656,0.0139814085819727,6.409564115013459,0,0.0,0.0,0.0,0.0,0.0,0.0,0.0,1,1,0,0,1,1,0,0,0,0,0.0,0.0,0.0,0,2024,11,21
2024/11/22,AMAT,0.0,0,0.0,0,0,1,0,1,907977024,0,907977024,20.62672963338201,20.53746693518626,0.0150738478055215,5.921692944455308,0,0.0,0.0,0.0,0.0,0.0,0.0,0.0,0,0,0,0,1,1,0,0,0,0,0.0,0.0,0.0,0,2024,11,22
2024/11/25,AMAT,0.0,0,0.0,0,0,1,0,1,907977024,0,907977024,20.62672963338201,20.53852304477207,0.0179152738253778,4.923541190031396,0,0.0,0.0,0.0,0.0,0.0,0.0,0.0,0,0,0,0,1,1,0,0,0,0,0.0,0.0,0.0,0,2024,11,25
2024/11/26,AMAT,0.0,0,0.0,0,0,1,0,1,907977024,0,907977024,20.62672963338201,20.53887508130068,0.0187538449451429,4.684615466232106,0,0.0,0.0,0.0,0.0,0.0,0.0,0.0,0,0,0,0,1,1,0,0,0,0,0.0,0.0,0.0,0,2024,11,26
2024/11/27,AMAT,0.0,0,0.0,0,0,1,0,1,824403968,0,824403968,20.53017122137947,20.53922711782928,0.0195501535743255,-0.463213571,0,0.0,0.0,0.0,0.0,0.0,0.0,0.0,0,0,0,0,0,0,0,0,0,0,0.0,0.0,0.0,0,2024,11,27
2024/11/29,AMAT,0.0,0,0.0,0,0,1,0,1,824403968,0,824403968,20.53017122137947,20.539164854283296,0.0195663962467964,-0.459646876,0,0.0,0.0,0.0,0.0,0.0,0.0,0.0,0,0,0,0,0,0,0,0,0,0,0.0,0.0,0.0,0,2024,11,29
2024/12/2,AMAT,0.0,0,0.0,0,0,1,0,1,824403968,0,824403968,20.53017122137947,20.53904921582352,0.0195899581534999,-0.453191088,0,0.0,0.0,0.0,0.0,0.0,0.0,0.0,0,0,0,0,0,0,0,0,0,0,0.0,0.0,0.0,0,2024,12,2
2024/12/3,AMAT,0.0,0,0.0,0,0,1,0,1,824403968,0,824403968,20.53017122137947,20.539006962480133,0.0195975768415284,-0.450858857,0,0.0,0.0,0.0,0.0,0.0,0.0,0.0,0,0,0,0,0,0,0,0,0,0,0.0,0.0,0.0,0,2024,12,3
2024/12/4,AMAT,0.0,0,0.0,0,0,1,0,1,824876992,0,824876992,20.5307448337886,20.53894160683372,0.0195994718038719,-0.418213977,0,0.0,0.0,0.0,0.0,0.0,0.0,0.0,0,0,0,0,0,0,0,0,0,0,0.0,0.0,0.0,0,2024,12,4
2024/12/5,AMAT,0.0,0,0.0,0,0,1,0,1,824876992,0,824876992,20.5307448337886,20.53891275130044,0.0196061643655745,-0.416599461,0,0.0,0.0,0.0,0.0,0.0,0.0,0.0,0,0,0,0,0,0,0,0,0,0,0.0,0.0,0.0,0,2024,12,5
2024/12/6,AMAT,0.0,0,0.0,0,0,1,0,1,868156992,0,868156992,20.581883123781587,20.538883895767164,0.0196128121896243,2.192405025790788,0,0.0,0.0,0.0,0.0,0.0,0.0,0.0,0,0,0,0,0,0,0,0,0,0,0.0,0.0,0.0,0,2024,12,6
2024/12/9,AMAT,0.0,0,0.0,0,0,1,0,1,868156992,0,868156992,20.581883123781587,20.539406118333925,0.0201591627218352,2.10708182843591,0,0.0,0.0,0.0,0.0,0.0,0.0,0.0,0,0,0,0,0,0,0,0,0,0,0.0,0.0,0.0,0,2024,12,9
2024/12/10,AMAT,0.0,0,0.0,0,0,1,0,1,868156992,0,868156992,20.581883123781587,20.53958019252284,0.0203350382568059,2.080297599,0,0.0,0.0,0.0,0.0,0.0,0.0,0.0,0,0,0,0,0,0,0,0,0,0,0.0,0.0,0.0,0,2024,12,10
2024/12/11,AMAT,0.0,0,0.0,0,0,1,0,1,842492992,0,842492992,20.55187590324226,20.53975426671176,0.0205079281381516,0.5910707531663247,0,0.0,0.0,0.0,0.0,0.0,0.0,0.0,0,0,0,0,0,0,0,0,0,0,0.0,0.0,0.0,0,2024,12,11
2024/12/12,AMAT,0.0,0,0.0,0,0,1,0,1,824403968,0,824403968,20.53017122137947,20.5398092646287,0.0205217732910249,-0.469649631,0,0.0,0.0,0.0,0.0,0.0,0.0,0.0,0,0,0,0,0,0,0,0,0,0,0.0,0.0,0.0,0,2024,12,12
2024/12/16,AMAT,0.0,0,0.0,0,0,1,0,1,833068992,0,833068992,20.54062702143123,20.539815546431857,0.0205302015042387,0.0395259149894943,0,0.0,0.0,0.0,0.0,0.0,0.0,0.0,0,0,0,0,0,0,0,0,0,0,0.0,0.0,0.0,0,2024,12,16
2024/12/17,AMAT,0.0,0,0.0,0,0,1,0,1,813684992,0,813684992,20.51708386258173,20.539825905928907,0.0205299497076354,-1.107749589,0,0.0,0.0,0.0,0.0,0.0,0.0,0.0,0,0,0,0,0,0,0,0,0,0,0.0,0.0,0.0,0,2024,12,17
2024/12/18,AMAT,0.0,0,0.0,0,0,1,0,1,813684992,0,813684992,20.51708386258173,20.53974284019243,0.0205793907894145,-1.101051914,0,0.0,0.0,0.0,0.0,0.0,0.0,0.0,0,0,0,0,0,0,0,0,0,0,0.0,0.0,0.0,0,2024,12,18
2024/12/19,AMAT,0.0,0,0.0,0,0,1,0,1,813684992,0,813684992,20.51708386258173,20.53965977445596,0.0206283788916068,-1.094410375,0,0.0,0.0,0.0,0.0,0.0,0.0,0.0,0,0,0,0,0,0,0,0,0,0,0.0,0.0,0.0,0,2024,12,19
2024/12/20,AMAT,0.0,0,0.0,0,0,1,0,1,813684992,0,813684992,20.51708386258173,20.53957670871948,0.0206769172338331,-1.087823967,0,0.0,0.0,0.0,0.0,0.0,0.0,0.0,0,0,0,0,0,0,0,0,0,0,0.0,0.0,0.0,0,2024,12,20
2024/12/23,AMAT,0.0,0,0.0,0,0,1,0,1,813684992,0,813684992,20.51708386258173,20.539231134711542,0.0207694368685784,-1.066339558,0,0.0,0.0,0.0,0.0,0.0,0.0,0.0,0,0,0,0,0,0,0,0,0,0,0.0,0.0,0.0,0,2024,12,23
2024/12/24,AMAT,0.0,0,0.0,0,0,1,0,1,813684992,0,813684992,20.51708386258173,20.53914806897507,0.0208159359118166,-1.05996706,0,0.0,0.0,0.0,0.0,0.0,0.0,0.0,0,0,0,0,0,0,0,0,0,0,0.0,0.0,0.0,0,2024,12,24
2024/12/26,AMAT,0.0,0,0.0,0,0,1,0,1,813684992,0,813684992,20.51708386258173,20.538981937502115,0.0209076337369722,-1.047372228,0,0.0,0.0,0.0,0.0,0.0,0.0,0.0,0,0,0,0,0,0,0,0,0,0,0.0,0.0,0.0,0,2024,12,26
2024/12/27,AMAT,0.0,0,0.0,0,0,1,0,1,813684992,0,813684992,20.51708386258173,20.53889887176564,0.0209528382093431,-1.041148171,0,0.0,0.0,0.0,0.0,0.0,0.0,0.0,0,0,0,0,0,0,0,0,0,0,0.0,0.0,0.0,0,2024,12,27
2024/12/31,AMAT,0.0,0,0.0,0,0,1,0,1,813684992,0,813684992,20.51708386258173,20.53856660881973,0.0211294238654419,-1.016721818,0,0.0,0.0,0.0,0.0,0.0,0.0,0.0,0,0,0,0,0,0,0,0,0,0,0.0,0.0,0.0,0,2024,12,31
2025/1/2,AMAT,0.0,0,0.0,0,0,1,0,1,813684992,0,813684992,20.51708386258173,20.53840047734678,0.021215214253358,-1.004779613,0,0.0,0.0,0.0,0.0,0.0,0.0,0.0,0,0,0,0,0,0,0,0,0,0,0.0,0.0,0.0,0,2025,1,2
2025/1/3,AMAT,0.0,0,0.0,0,0,1,0,1,813684992,0,813684992,20.51708386258173,20.538317411610304,0.0212574927385933,-0.998873634,0,0.0,0.0,0.0,0.0,0.0,0.0,0.0,0,0,0,0,0,0,0,0,0,0,0.0,0.0,0.0,0,2025,1,3
2025/1/6,AMAT,0.0,0,0.0,0,0,1,0,1,813684992,0,813684992,20.51708386258173,20.53806821440088,0.0213818905543643,-0.98140769,0,0.0,0.0,0.0,0.0,0.0,0.0,0.0,0,0,0,0,0,0,0,0,0,0,0.0,0.0,0.0,0,2025,1,6
2025/1/7,AMAT,0.0,0,0.0,0,0,1,0,1,813684992,0,813684992,20.51708386258173,20.5379851486644,0.0214225518102224,-0.975667431,0,0.0,0.0,0.0,0.0,0.0,0.0,0.0,0,0,0,0,0,0,0,0,0,0,0.0,0.0,0.0,0,2025,1,7
2025/1/8,AMAT,0.0,0,0.0,0,0,1,0,1,813684992,0,813684992,20.51708386258173,20.53790208292792,0.0214628145547447,-0.96996693,0,0.0,0.0,0.0,0.0,0.0,0.0,0.0,0,0,0,0,0,0,0,0,0,0,0.0,0.0,0.0,0,2025,1,8
2025/1/10,AMAT,0.0,0,0.0,0,0,1,0,1,813684992,0,813684992,20.51708386258173,20.53773595145497,0.0215421534255816,-0.958682657,0,0.0,0.0,0.0,0.0,0.0,0.0,0.0,0,0,0,0,0,0,0,0,0,0,0.0,0.0,0.0,0,2025,1,10
2025/1/13,AMAT,0.0,0,0.0,0,0,1,0,1,813684992,0,813684992,20.51708386258173,20.53748675424553,0.0216582276251441,-0.942038842,0,0.0,0.0,0.0,0.0,0.0,0.0,0.0,0,0,0,0,0,0,0,0,0,0,0.0,0.0,0.0,0,2025,1,13
2025/1/15,AMAT,0.0,0,0.0,0,0,1,0,1,813684992,0,813684992,20.51708386258173,20.537320622772583,0.0217336787298184,-0.931124475,0,0.0,0.0,0.0,0.0,0.0,0.0,0.0,0,0,0,0,0,0,0,0,0,0,0.0,0.0,0.0,0,2025,1,15
2025/1/16,AMAT,0.0,0,0.0,0,0,1,0,1,813684992,0,813684992,20.51708386258173,20.537237557036107,0.0217708308297005,-0.925720043,0,0.0,0.0,0.0,0.0,0.0,0.0,0.0,0,0,0,0,0,0,0,0,0,0,0.0,0.0,0.0,0,2025,1,16
2025/1/17,AMAT,0.0,0,0.0,0,0,1,0,1,813684992,0,813684992,20.51708386258173,20.537154491299628,0.021807603239851,-0.920350049,0,0.0,0.0,0.0,0.0,0.0,0.0,0.0,0,0,0,0,0,0,0,0,0,0,0.0,0.0,0.0,0,2025,1,17
2025/1/21,AMAT,0.0,0,0.0,0,0,1,0,1,813684992,0,813684992,20.51708386258173,20.53682222835372,0.0219509338512173,-0.89920392,0,0.0,0.0,0.0,0.0,0.0,0.0,0.0,0,0,0,0,0,0,0,0,0,0,0.0,0.0,0.0,0,2025,1,21
2025/1/22,AMAT,0.0,0,0.0,0,0,1,0,1,813684992,0,813684992,20.51708386258173,20.536739162617245,0.0219858359364859,-0.893998304,0,0.0,0.0,0.0,0.0,0.0,0.0,0.0,0,0,0,0,0,0,0,0,0,0,0.0,0.0,0.0,0,2025,1,22
2025/1/23,AMAT,0.0,0,0.0,0,0,1,0,1,813684992,0,813684992,20.51708386258173,20.536656096880765,0.0220203693628985,-0.888824069,0,0.0,0.0,0.0,0.0,0.0,0.0,0.0,0,0,0,0,0,0,0,0,0,0,0.0,0.0,0.0,0,2025,1,23
2025/1/24,AMAT,0.0,0,0.0,0,0,1,0,1,812700992,0,812700992,20.51587381757577,20.53657303114429,0.0220545358622151,-0.938546778,0,0.0,0.0,0.0,0.0,0.0,0.0,0.0,0,0,0,0,0,0,0,0,0,0,0.0,0.0,0.0,0,2025,1,24
2025/1/27,AMAT,0.0,0,0.0,0,0,1,0,1,812700992,0,812700992,20.51587381757577,20.53630942863717,0.0221677456529138,-0.921862393,0,0.0,0.0,0.0,0.0,0.0,0.0,0.0,0,0,0,0,0,0,0,0,0,0,0.0,0.0,0.0,0,2025,1,27
2025/1/28,AMAT,0.0,0,0.0,0,0,1,0,1,812700992,0,812700992,20.51587381757577,20.5362215611348,0.0222046585866998,-0.916372728,0,0.0,0.0,0.0,0.0,0.0,0.0,0.0,0,0,0,0,0,0,0,0,0,0,0.0,0.0,0.0,0,2025,1,28
2025/1/30,AMAT,0.0,0,0.0,0,0,1,0,1,812700992,0,812700992,20.51587381757577,20.536043119251325,0.0222769802231387,-0.905387601,0,0.0,0.0,0.0,0.0,0.0,0.0,0.0,0,0,0,0,0,0,0,0,0,0,0.0,0.0,0.0,0,2025,1,30
2025/1/31,AMAT,0.0,0,0.0,0,0,1,0,1,812700992,0,812700992,20.51587381757577,20.535925348414832,0.0223048303407548,-0.898977062,0,0.0,0.0,0.0,0.0,0.0,0.0,0.0,0,0,0,0,0,0,0,0,0,0,0.0,0.0,0.0,0,2025,1,31
2025/2/3,AMAT,0.0,0,0.0,0,0,1,0,1,812700992,0,812700992,20.51587381757577,20.53568970572752,0.0224098813187849,-0.884247795,0,0.0,0.0,0.0,0.0,0.0,0.0,0.0,0,0,0,0,0,0,0,0,0,0,0.0,0.0,0.0,0,2025,2,3
2025/2/4,AMAT,0.0,0,0.0,0,0,1,0,1,812700992,0,812700992,20.51587381757577,20.53561581813505,0.022444372458351,-0.879596905,0,0.0,0.0,0.0,0.0,0.0,0.0,0.0,0,0,0,0,0,0,0,0,0,0,0.0,0.0,0.0,0,2025,2,4
2025/2/5,AMAT,0.0,0,0.0,0,0,1,0,1,812700992,0,812700992,20.51587381757577,20.53554193054257,0.0224785678063283,-0.874971801,0,0.0,0.0,0.0,0.0,0.0,0.0,0.0,0,0,0,0,0,0,0,0,0,0,0.0,0.0,0.0,0,2025,2,5
2025/2/6,AMAT,0.0,0,0.0,0,0,1,0,1,812700992,0,812700992,20.51587381757577,20.5354680429501,0.0225124687105963,-0.870372131,0,0.0,0.0,0.0,0.0,0.0,0.0,0.0,0,0,0,0,0,0,0,0,0,0,0.0,0.0,0.0,5,2025,2,6
2025/2/7,AMAT,0.0,0,0.0,0,0,1,0,1,812700992,0,812700992,20.51587381757577,20.53539415535764,0.0225460764993559,-0.865797549,0,0.0,0.0,0.0,0.0,0.0,0.0,0.0,0,0,0,0,0,0,0,0,0,0,0.0,0.0,0.0,4,2025,2,7
2025/2/10,AMAT,0.0,0,0.0,0,0,1,0,1,812700992,0,812700992,20.51587381757577,20.535029855942334,0.0226112221110807,-0.847191641,0,0.0,0.0,0.0,0.0,0.0,0.0,0.0,0,0,0,0,0,0,0,0,0,0,0.0,0.0,0.0,3,2025,2,10
2025/2/11,AMAT,0.0,0,0.0,0,0,1,0,1,812700992,0,812700992,20.51587381757577,20.5349084228039,0.0226315925483705,-0.841063446,0,0.0,0.0,0.0,0.0,0.0,0.0,0.0,0,0,0,0,0,0,0,0,0,0,0.0,0.0,0.0,2,2025,2,11
2025/2/12,AMAT,0.0,0,0.0,0,0,1,0,1,812700992,0,812700992,20.51587381757577,20.534786989665463,0.0226512936756397,-0.834970945,0,0.0,0.0,0.0,0.0,0.0,0.0,0.0,0,0,0,0,0,0,0,0,0,0,0.0,0.0,0.0,1,2025,2,12
2025/2/14,AMAT,0.0,0,0.0,0,0,1,0,1,823078976,0,823078976,20.528562716370185,20.534689567253515,0.0226857696213626,-0.270074632,1,2.3,2.38,3.67,3.478260869565221,3.67,3.67,-1.061556479,0,0,0,0,0,0,0,0,0,0,0.0,0.0,0.0,0,2025,2,14
2025/2/18,AMAT,0.0,0,0.0,0,0,1,0,1,823078976,0,823078976,20.528562716370185,20.53459542797561,0.0226986897621045,-0.265773561,0,0.0,0.0,0.0,0.0,0.0,0.0,0.0,0,0,0,0,0,0,0,0,0,0,0.0,0.0,0.0,0,2025,2,18
2025/2/19,AMAT,0.0,0,0.0,0,0,1,0,1,823078976,0,823078976,20.528562716370185,20.534571893156137,0.0227018576525868,-0.264699783,0,0.0,0.0,0.0,0.0,0.0,0.0,0.0,0,0,0,0,0,0,0,0,0,0,0.0,0.0,0.0,0,2025,2,19
2025/2/20,AMAT,0.4,1,0.4,0,0,1,0,1,823078976,0,823078976,20.528562716370185,20.534548358336657,0.0227050007061198,-0.263626592,0,0.0,0.0,0.0,0.0,0.0,0.0,0.0,1,1,0,0,0,0,0,0,0,0,0.0,0.0,0.0,0,2025,2,20
2025/2/21,AMAT,0.0,0,0.0,0,0,1,0,1,823078976,0,823078976,20.528562716370185,20.53452482351718,0.0227081189330167,-0.262553986,0,0.0,0.0,0.0,0.0,0.0,0.0,0.0,0,0,0,0,0,0,0,0,0,0,0.0,0.0,0.0,0,2025,2,21
2025/2/24,AMAT,0.0,0,0.0,0,0,1,0,1,812441024,0,812441024,20.51555388491839,20.53435097436469,0.022773357464337,-0.825398252,0,0.0,0.0,0.0,0.0,0.0,0.0,0.0,0,0,0,0,0,0,0,0,0,0,0.0,0.0,0.0,0,2025,2,24
2025/2/25,AMAT,0.0,0,0.0,0,0,1,0,1,812441024,0,812441024,20.51555388491839,20.53427581719818,0.0228039949667339,-0.820993528,0,0.0,0.0,0.0,0.0,0.0,0.0,0.0,0,0,0,0,0,0,0,0,0,0,0.0,0.0,0.0,0,2025,2,25
2025/2/26,AMAT,0.0,0,0.0,0,0,1,0,1,812441024,0,812441024,20.51555388491839,20.534200660031672,0.0228343439907483,-0.81661094,0,0.0,0.0,0.0,0.0,0.0,0.0,0.0,0,0,0,0,0,0,0,0,0,0,0.0,0.0,0.0,0,2025,2,26
2025/2/27,AMAT,0.0,0,0.0,0,0,1,0,1,812441024,0,812441024,20.51555388491839,20.53412550286517,0.0228644056851138,-0.812250194,0,0.0,0.0,0.0,0.0,0.0,0.0,0.0,0,0,0,0,0,0,0,0,0,0,0.0,0.0,0.0,0,2025,2,27
2025/3/3,AMAT,0.0,0,0.0,0,0,1,0,1,812441024,0,812441024,20.51555388491839,20.53382487419913,0.0229818015551974,-0.795019887,0,0.0,0.0,0.0,0.0,0.0,0.0,0.0,0,0,0,0,0,0,0,0,0,0,0.0,0.0,0.0,0,2025,3,3
2025/3/4,AMAT,0.0,0,0.0,0,0,1,0,1,844163008,0,844163008,20.55385617253696,20.533749717032624,0.0230104432502145,0.873796966260057,0,0.0,0.0,0.0,0.0,0.0,0.0,0.0,0,0,0,0,0,0,0,0,0,0,0.0,0.0,0.0,0,2025,3,4
2025/3/5,AMAT,0.0,0,0.0,0,0,1,0,1,812441024,0,812441024,20.51555388491839,20.533826553070952,0.0230451002127576,-0.792909034,0,0.0,0.0,0.0,0.0,0.0,0.0,0.0,0,0,0,0,0,0,0,0,0,0,0.0,0.0,0.0,0,2025,3,5
2025/3/6,AMAT,0.0,0,0.0,0,0,1,0,1,812441024,0,812441024,20.51555388491839,20.53375139590444,0.0230736688028455,-0.788670026,0,0.0,0.0,0.0,0.0,0.0,0.0,0.0,0,0,0,0,0,0,0,0,0,0,0.0,0.0,0.0,0,2025,3,6
2025/3/7,AMAT,0.0,0,0.0,0,0,1,0,1,812441024,0,812441024,20.51555388491839,20.533676238737936,0.0231019575584281,-0.784451005,0,0.0,0.0,0.0,0.0,0.0,0.0,0.0,0,0,0,0,0,0,0,0,0,0,0.0,0.0,0.0,0,2025,3,7
2025/3/10,AMAT,0.0,0,0.0,0,0,1,0,1,812441024,0,812441024,20.51555388491839,20.533450767238413,0.0231851550104654,-0.771911264,0,0.0,0.0,0.0,0.0,0.0,0.0,0.0,0,0,0,0,0,0,0,0,0,0,0.0,0.0,0.0,0,2025,3,10
2025/3/11,AMAT,0.0,0,0.0,0,0,1,0,1,843262016,0,843262016,20.55278828261979,20.533375610071904,0.0232123345458809,0.8363084940687918,0,0.0,0.0,0.0,0.0,0.0,0.0,0.0,0,0,0,0,0,0,0,0,0,0,0.0,0.0,0.0,0,2025,3,11
2025/3/12,AMAT,0.0,0,0.0,0,0,1,0,1,843262016,0,843262016,20.55278828261979,20.53344820845183,0.0232443044520082,0.8320349704544272,0,0.0,0.0,0.0,0.0,0.0,0.0,0.0,0,0,0,0,0,0,0,0,0,0,0.0,0.0,0.0,0,2025,3,12
2025/3/13,AMAT,0.0,0,0.0,0,0,1,0,1,843262016,0,843262016,20.55278828261979,20.53352080683176,0.0232760040126277,0.8277828005862795,0,0.0,0.0,0.0,0.0,0.0,0.0,0.0,0,0,0,0,0,0,0,0,0,0,0.0,0.0,0.0,0,2025,3,13
2025/3/14,AMAT,0.0,0,0.0,0,0,1,0,1,843262016,0,843262016,20.55278828261979,20.53359340521168,0.0233074343307996,0.82355171039766,0,0.0,0.0,0.0,0.0,0.0,0.0,0.0,0,0,0,0,0,0,0,0,0,0,0.0,0.0,0.0,0,2025,3,14
2025/3/18,AMAT,0.0,0,0.0,0,0,1,0,1,812441024,0,812441024,20.51555388491839,20.533440532092087,0.0234208548239383,-0.763705992,0,0.0,0.0,0.0,0.0,0.0,0.0,0.0,0,0,0,0,0,0,0,0,0,0,0.0,0.0,0.0,0,2025,3,18
2025/3/19,AMAT,0.0,0,0.0,0,0,1,0,1,812441024,0,812441024,20.51555388491839,20.53336537492558,0.02344772834211,-0.759625399,0,0.0,0.0,0.0,0.0,0.0,0.0,0.0,0,0,0,0,0,0,0,0,0,0,0.0,0.0,0.0,0,2025,3,19
2025/3/20,AMAT,0.0,0,0.0,0,0,1,0,1,812441024,0,812441024,20.51555388491839,20.533290217759067,0.0234743304681397,-0.755562885,0,0.0,0.0,0.0,0.0,0.0,0.0,0.0,0,0,0,0,0,0,0,0,0,0,0.0,0.0,0.0,0,2025,3,20
2025/3/21,AMAT,0.0,0,0.0,0,0,1,0,1,812441024,0,812441024,20.51555388491839,20.53321506059256,0.0235006621236534,-0.751518216,0,0.0,0.0,0.0,0.0,0.0,0.0,0.0,0,0,0,0,0,0,0,0,0,0,0.0,0.0,0.0,0,2025,3,21
2025/3/24,AMAT,0.0,0,0.0,0,0,1,0,1,812441024,0,812441024,20.51555388491839,20.53298958909304,0.0235780432823008,-0.739489022,0,0.0,0.0,0.0,0.0,0.0,0.0,0.0,0,0,0,0,0,0,0,0,0,0,0.0,0.0,0.0,0,2025,3,24
2025/3/25,AMAT,0.0,0,0.0,0,0,1,0,1,812441024,0,812441024,20.51555388491839,20.532914431926528,0.0236033020051711,-0.735513489,0,0.0,0.0,0.0,0.0,0.0,0.0,0.0,0,0,0,0,0,0,0,0,0,0,0.0,0.0,0.0,0,2025,3,25
2025/3/26,AMAT,0.0,0,0.0,0,0,1,0,1,812441024,0,812441024,20.51555388491839,20.532839274760025,0.023628294667056,-0.731554693,0,0.0,0.0,0.0,0.0,0.0,0.0,0.0,0,0,0,0,0,0,0,0,0,0,0.0,0.0,0.0,0,2025,3,26
2025/3/27,AMAT,0.0,0,0.0,0,0,1,0,1,812441024,0,812441024,20.51555388491839,20.53276411759352,0.0236530221113452,-0.727612421,0,0.0,0.0,0.0,0.0,0.0,0.0,0.0,0,0,0,0,0,0,0,0,0,0,0.0,0.0,0.0,0,2025,3,27
2025/3/28,AMAT,0.0,0,0.0,0,0,1,0,1,812441024,0,812441024,20.51555388491839,20.53268896042701,0.023677485168974,-0.723686464,0,0.0,0.0,0.0,0.0,0.0,0.0,0.0,0,0,0,0,0,0,0,0,0,0,0.0,0.0,0.0,0,2025,3,28
2025/3/31,AMAT,0.0,0,0.0,0,0,1,0,1,812441024,0,812441024,20.51555388491839,20.532463488927483,0.0237492961477274,-0.712004428,0,0.0,0.0,0.0,0.0,0.0,0.0,0.0,0,0,0,0,0,0,0,0,0,0,0.0,0.0,0.0,0,2025,3,31
2025/4/2,AMAT,0.0,0,0.0,0,0,1,0,1,812441024,0,812441024,20.51555388491839,20.53231317459447,0.0237958628877515,-0.704294261,0,0.0,0.0,0.0,0.0,0.0,0.0,0.0,0,0,0,0,0,0,0,0,0,0,0.0,0.0,0.0,0,2025,4,2
2025/4/3,AMAT,0.0,0,0.0,0,0,1,0,1,812441024,0,812441024,20.51555388491839,20.53223801742796,0.0238187563970863,-0.700461948,0,0.0,0.0,0.0,0.0,0.0,0.0,0.0,0,0,0,0,0,0,0,0,0,0,0.0,0.0,0.0,0,2025,4,3
2025/4/4,AMAT,0.0,0,0.0,0,0,1,0,1,812441024,0,812441024,20.51555388491839,20.53216286026145,0.0238413910004315,-0.69664456,0,0.0,0.0,0.0,0.0,0.0,0.0,0.0,0,0,0,0,0,0,0,0,0,0,0.0,0.0,0.0,0,2025,4,4
2025/4/7,AMAT,0.0,0,0.0,0,0,1,0,1,812441024,0,812441024,20.51555388491839,20.53193738876193,0.0239077486860322,-0.685280076,0,0.0,0.0,0.0,0.0,0.0,0.0,0.0,0,0,0,0,0,0,0,0,0,0,0.0,0.0,0.0,0,2025,4,7
2025/4/8,AMAT,0.0,0,0.0,0,0,1,0,1,812441024,0,812441024,20.51555388491839,20.53186223159542,0.0239293549217018,-0.681520531,0,0.0,0.0,0.0,0.0,0.0,0.0,0.0,0,0,0,0,0,0,0,0,0,0,0.0,0.0,0.0,0,2025,4,8
2025/4/9,AMAT,0.0,0,0.0,0,0,1,0,1,812441024,0,812441024,20.51555388491839,20.531787074428912,0.02395070582475,-0.677774995,0,0.0,0.0,0.0,0.0,0.0,0.0,0.0,0,0,0,0,0,0,0,0,0,0,0.0,0.0,0.0,0,2025,4,9
2025/4/10,AMAT,0.0,0,0.0,0,0,1,0,1,812441024,0,812441024,20.51555388491839,20.53171191726241,0.0239718020774263,-0.67404329,0,0.0,0.0,0.0,0.0,0.0,0.0,0.0,0,0,0,0,0,0,0,0,0,0,0.0,0.0,0.0,0,2025,4,10
2025/4/11,AMAT,0.0,0,0.0,0,0,1,0,1,812441024,0,812441024,20.51555388491839,20.531636760095893,0.0239926443514576,-0.670325244,0,0.0,0.0,0.0,0.0,0.0,0.0,0.0,0,0,0,0,0,0,0,0,0,0,0.0,0.0,0.0,0,2025,4,11
2025/4/14,AMAT,0.0,0,0.0,0,0,1,0,1,814745984,0,814745984,20.518386947777813,20.531411288596374,0.0240536538635629,-0.541470368,0,0.0,0.0,0.0,0.0,0.0,0.0,0.0,0,0,0,0,0,0,0,0,0,0,0.0,0.0,0.0,0,2025,4,14
2025/4/15,AMAT,0.0,0,0.0,0,0,1,0,1,812441024,0,812441024,20.51555388491839,20.5313473737428,0.0240667743872826,-0.656236211,0,0.0,0.0,0.0,0.0,0.0,0.0,0.0,0,0,0,0,0,0,0,0,0,0,0.0,0.0,0.0,0,2025,4,15
2025/4/17,AMAT,0.0,0,0.0,0,0,1,0,1,812441024,0,812441024,20.51555388491839,20.531197059409784,0.0241057693560994,-0.648939026,0,0.0,0.0,0.0,0.0,0.0,0.0,0.0,0,0,0,0,0,0,0,0,0,0,0.0,0.0,0.0,0,2025,4,17
2025/4/21,AMAT,0.0,0,0.0,0,0,1,0,1,812441024,0,812441024,20.51555388491839,20.530896430743752,0.024180767637513,-0.634493745,0,0.0,0.0,0.0,0.0,0.0,0.0,0.0,0,0,0,0,0,0,0,0,0,0,0.0,0.0,0.0,0,2025,4,21
2025/4/22,AMAT,0.0,0,0.0,0,0,1,0,1,823857984,0,823857984,20.5295087247191,20.53082127357724,0.0241988973377609,-0.054240028,0,0.0,0.0,0.0,0.0,0.0,0.0,0.0,0,0,0,0,0,0,0,0,0,0,0.0,0.0,0.0,0,2025,4,22
2025/4/23,AMAT,0.0,0,0.0,0,0,1,0,1,812441024,0,812441024,20.51555388491839,20.53080149275915,0.0241979248058692,-0.630120474,0,0.0,0.0,0.0,0.0,0.0,0.0,0.0,0,0,0,0,0,0,0,0,0,0,0.0,0.0,0.0,0,2025,4,23
2025/4/24,AMAT,0.0,0,0.0,0,0,1,0,1,812441024,0,812441024,20.51555388491839,20.530726335592643,0.0242157470088115,-0.626553072,0,0.0,0.0,0.0,0.0,0.0,0.0,0.0,0,0,0,0,0,0,0,0,0,0,0.0,0.0,0.0,0,2025,4,24
2025/4/25,AMAT,0.0,0,0.0,0,0,1,0,1,812441024,0,812441024,20.51555388491839,20.530651178426133,0.0242333230135628,-0.622997246,0,0.0,0.0,0.0,0.0,0.0,0.0,0.0,0,0,0,0,0,0,0,0,0,0,0.0,0.0,0.0,0,2025,4,25
2025/4/28,AMAT,0.0,0,0.0,0,0,1,0,1,812441024,0,812441024,20.51555388491839,20.53042570692661,0.0242845791468221,-0.612397766,0,0.0,0.0,0.0,0.0,0.0,0.0,0.0,0,0,0,0,0,0,0,0,0,0,0.0,0.0,0.0,0,2025,4,28
2025/4/29,AMAT,0.0,0,0.0,0,0,1,0,1,812441024,0,812441024,20.51555388491839,20.530350549760108,0.0243011756222977,-0.608886791,0,0.0,0.0,0.0,0.0,0.0,0.0,0.0,0,0,0,0,0,0,0,0,0,0,0.0,0.0,0.0,0,2025,4,29
2025/4/30,AMAT,0.0,0,0.0,0,0,1,0,1,812441024,0,812441024,20.51555388491839,20.530275392593595,0.0243175284869554,-0.605386673,0,0.0,0.0,0.0,0.0,0.0,0.0,0.0,0,0,0,0,0,0,0,0,0,0,0.0,0.0,0.0,0,2025,4,30
2025/5/2,AMAT,0.0,0,0.0,0,0,1,0,1,812441024,0,812441024,20.51555388491839,20.530125078260586,0.0243495053397823,-0.598418454,0,0.0,0.0,0.0,0.0,0.0,0.0,0.0,0,0,0,0,0,0,0,0,0,0,0.0,0.0,0.0,0,2025,5,2
2025/5/5,AMAT,0.0,0,0.0,0,0,1,0,1,812441024,0,812441024,20.51555388491839,20.52993391048724,0.0243990519724633,-0.589368209,0,0.0,0.0,0.0,0.0,0.0,0.0,0.0,0,0,0,0,0,0,0,0,0,0,0.0,0.0,0.0,0,2025,5,5
2025/5/6,AMAT,0.0,0,0.0,0,0,1,0,1,812441024,0,812441024,20.51555388491839,20.529875905183825,0.0244157884369049,-0.586588482,0,0.0,0.0,0.0,0.0,0.0,0.0,0.0,0,0,0,0,0,0,0,0,0,0,0.0,0.0,0.0,0,2025,5,6
2025/5/7,AMAT,0.0,0,0.0,0,0,1,0,1,812441024,0,812441024,20.51555388491839,20.529689757724647,0.0243453500404485,-0.580639538,0,0.0,0.0,0.0,0.0,0.0,0.0,0.0,0,0,0,0,0,0,0,0,0,0,0.0,0.0,0.0,0,2025,5,7
2025/5/8,AMAT,0.0,0,0.0,0,0,1,0,1,812441024,0,812441024,20.51555388491839,20.529631752421228,0.0243615420719327,-0.577872594,0,0.0,0.0,0.0,0.0,0.0,0.0,0.0,0,0,0,0,0,0,0,0,0,0,0.0,0.0,0.0,5,2025,5,8
2025/5/9,AMAT,0.0,0,0.0,0,0,1,0,1,812441024,0,812441024,20.51555388491839,20.52957374711781,0.0243775853279746,-0.575112835,0,0.0,0.0,0.0,0.0,0.0,0.0,0.0,0,0,0,0,0,0,0,0,0,0,0.0,0.0,0.0,4,2025,5,9
2025/5/12,AMAT,0.0,0,0.0,0,0,1,0,1,814476992,0,814476992,20.51805673883026,20.529419595127496,0.0244145724986234,-0.465412872,0,0.0,0.0,0.0,0.0,0.0,0.0,0.0,0,0,0,0,0,0,0,0,0,0,0.0,0.0,0.0,3,2025,5,12
2025/5/13,AMAT,0.0,0,0.0,0,0,1,0,1,814476992,0,814476992,20.51805673883026,20.529371521784046,0.0244249699396043,-0.463246546,0,0.0,0.0,0.0,0.0,0.0,0.0,0.0,0,0,0,0,0,0,0,0,0,0,0.0,0.0,0.0,2,2025,5,13
2025/5/14,AMAT,0.0,0,0.0,0,0,1,0,1,812441024,0,812441024,20.51555388491839,20.5293234484406,0.0244352683782664,-0.56351186,0,0.0,0.0,0.0,0.0,0.0,0.0,0.0,0,0,0,0,0,0,0,0,0,0,0.0,0.0,0.0,1,2025,5,14
2025/5/15,AMAT,0.0,0,0.0,0,0,1,0,1,812441024,0,812441024,20.51555388491839,20.529265443137177,0.0244505318650977,-0.560787728,1,2.31,2.39,3.45,3.4632034632034663,3.45,3.45,-0.931862233,0,0,0,0,0,0,0,0,0,0,0.0,1.348981518953192,0.9970732966175776,0,2025,5,15
2025/5/19,AMAT,0.0,0,0.0,0,0,1,0,1,812441024,0,812441024,20.51555388491839,20.52900520817235,0.0244658026185199,-0.549801021,0,0.0,0.0,0.0,0.0,0.0,0.0,0.0,0,0,0,0,0,0,0,0,0,0,0.0,0.0,0.0,0,2025,5,19
2025/5/20,AMAT,0.0,0,0.0,0,0,1,0,1,812441024,0,812441024,20.51555388491839,20.52882602943533,0.0243982235005387,-0.543979955,0,0.0,0.0,0.0,0.0,0.0,0.0,0.0,0,0,0,0,0,0,0,0,0,0,0.0,0.0,0.0,0,2025,5,20
2025/5/21,AMAT,0.0,0,0.0,0,0,1,0,1,812441024,0,812441024,20.51555388491839,20.528646850698298,0.0243291371025874,-0.538159891,0,0.0,0.0,0.0,0.0,0.0,0.0,0.0,0,0,0,0,0,0,0,0,0,0,0.0,0.0,0.0,0,2025,5,21
2025/5/22,AMAT,0.46,1,0.46,0,0,1,0,1,812441024,0,812441024,20.51555388491839,20.52846767196128,0.0242585305468229,-0.532340037,0,0.0,0.0,0.0,0.0,0.0,0.0,0.0,1,1,0,0,0,0,0,0,0,0,0.0,0.0,0.0,0,2025,5,22
2025/5/23,AMAT,0.0,0,0.0,0,0,1,0,1,812441024,0,812441024,20.51555388491839,20.52840966665785,0.0242718601040529,-0.529657871,0,0.0,0.0,0.0,0.0,0.0,0.0,0.0,0,0,0,0,0,0,0,0,0,0,0.0,0.0,0.0,0,2025,5,23
2025/5/27,AMAT,0.0,0,0.0,0,0,1,0,1,802497984,0,802497984,20.503239902061868,20.528031050410178,0.0244362086855396,-1.014525153,0,0.0,0.0,0.0,0.0,0.0,0.0,0.0,0,0,0,0,0,0,0,0,0,0,0.0,0.0,0.0,0,2025,5,27
2025/5/28,AMAT,0.0,0,0.0,0,0,1,0,1,802497984,0,802497984,20.503239902061868,20.527924180095425,0.024485456719061,-1.008119976,0,0.0,0.0,0.0,0.0,0.0,0.0,0.0,0,0,0,0,0,0,0,0,0,0,0.0,0.0,0.0,0,2025,5,28
2025/5/29,AMAT,0.0,0,0.0,0,0,1,0,1,802497984,0,802497984,20.503239902061868,20.52781730978068,0.0245341403768387,-1.001763556,0,0.0,0.0,0.0,0.0,0.0,0.0,0.0,0,0,0,0,0,0,0,0,0,0,0.0,0.0,0.0,0,2025,5,29
2025/5/30,AMAT,0.0,0,0.0,0,0,1,0,1,802497984,0,802497984,20.503239902061868,20.52771043946592,0.0245822630120072,-0.995455032,0,0.0,0.0,0.0,0.0,0.0,0.0,0.0,0,0,0,0,0,0,0,0,0,0,0.0,0.0,0.0,0,2025,5,30
2025/6/3,AMAT,0.0,0,0.0,0,0,1,0,1,802497984,0,802497984,20.503239902061868,20.527282958206914,0.0247692081535171,-0.970683277,0,0.0,0.0,0.0,0.0,0.0,0.0,0.0,0,0,0,0,0,0,0,0,0,0,0.0,0.0,0.0,0,2025,6,3
2025/6/4,AMAT,0.0,0,0.0,0,0,1,0,1,802497984,0,802497984,20.503239902061868,20.52717608789216,0.0248145737555891,-0.964601934,0,0.0,0.0,0.0,0.0,0.0,0.0,0.0,0,0,0,0,0,0,0,0,0,0,0.0,0.0,0.0,0,2025,6,4
2025/6/5,AMAT,0.0,0,0.0,0,0,1,0,1,802497984,0,802497984,20.503239902061868,20.52706921757741,0.024859397141977,-0.958563692,0,0.0,0.0,0.0,0.0,0.0,0.0,0.0,0,0,0,0,0,0,0,0,0,0,0.0,0.0,0.0,0,2025,6,5
2025/6/6,AMAT,0.0,0,0.0,0,0,1,0,1,802497984,0,802497984,20.503239902061868,20.526962347262657,0.0249036812404341,-0.952567814,0,0.0,0.0,0.0,0.0,0.0,0.0,0.0,0,0,0,0,0,0,0,0,0,0,0.0,0.0,0.0,0,2025,6,6
2025/6/9,AMAT,0.0,0,0.0,0,0,1,0,1,802497984,0,802497984,20.503239902061868,20.5266417363184,0.0250333262540735,-0.934827199,0,0.0,0.0,0.0,0.0,0.0,0.0,0.0,0,0,0,0,0,0,0,0,0,0,0.0,0.0,0.0,0,2025,6,9
2025/6/10,AMAT,0.0,0,0.0,0,0,1,0,1,802497984,0,802497984,20.503239902061868,20.52647889661448,0.0250515503764813,-0.92764696,0,0.0,0.0,0.0,0.0,0.0,0.0,0.0,0,0,0,0,0,0,0,0,0,0,0.0,0.0,0.0,0,2025,6,10
2025/6/11,AMAT,0.0,0,0.0,0,0,1,0,1,802497984,0,802497984,20.503239902061868,20.52637202629973,0.0250929813643928,-0.921856351,0,0.0,0.0,0.0,0.0,0.0,0.0,0.0,0,0,0,0,0,0,0,0,0,0,0.0,0.0,0.0,0,2025,6,11
2025/6/12,AMAT,0.0,0,0.0,0,0,1,0,1,802497984,0,802497984,20.503239902061868,20.526265155984976,0.0251338896455325,-0.916103884,0,0.0,0.0,0.0,0.0,0.0,0.0,0.0,0,0,0,0,0,0,0,0,0,0,0.0,0.0,0.0,0,2025,6,12
2025/6/13,AMAT,0.0,0,0.0,0,0,1,0,1,802497984,0,802497984,20.503239902061868,20.526158285670224,0.0251742777681007,-0.910388922,0,0.0,0.0,0.0,0.0,0.0,0.0,0.0,0,0,0,0,0,0,0,0,0,0,0.0,0.0,0.0,0,2025,6,13
2025/6/16,AMAT,0.0,0,0.0,0,0,1,0,1,802497984,0,802497984,20.503239902061868,20.52583767472597,0.0252923459424081,-0.893462896,0,0.0,0.0,0.0,0.0,0.0,0.0,0.0,0,0,0,0,0,0,0,0,0,0,0.0,0.0,0.0,0,2025,6,16
2025/6/18,AMAT,0.0,0,0.0,0,0,1,0,1,813838016,0,813838016,20.517271907849924,20.525623934096465,0.0253685018355177,-0.329228202,0,0.0,0.0,0.0,0.0,0.0,0.0,0.0,0,0,0,0,0,0,0,0,0,0,0.0,0.0,0.0,0,2025,6,18
2025/6/20,AMAT,0.0,0,0.0,0,0,1,0,1,808302016,0,808302016,20.5104463300616,20.52549447296612,0.0253884019196415,-0.592717216,0,0.0,0.0,0.0,0.0,0.0,0.0,0.0,0,0,0,0,0,0,0,0,0,0,0.0,0.0,0.0,0,2025,6,20
2025/6/23,AMAT,0.0,0,0.0,0,0,1,0,1,802497984,0,802497984,20.503239902061868,20.52520245895837,0.0254765495854717,-0.862069521,0,0.0,0.0,0.0,0.0,0.0,0.0,0.0,0,0,0,0,0,0,0,0,0,0,0.0,0.0,0.0,0,2025,6,23
2025/6/24,AMAT,0.0,0,0.0,0,0,1,0,1,802497984,0,802497984,20.503239902061868,20.52509558864361,0.0255119440592293,-0.856684482,0,0.0,0.0,0.0,0.0,0.0,0.0,0.0,0,0,0,0,0,0,0,0,0,0,0.0,0.0,0.0,0,2025,6,24
2025/6/25,AMAT,0.0,0,0.0,0,0,1,0,1,802497984,0,802497984,20.503239902061868,20.52498871832886,0.0255468424282364,-0.851330896,0,0.0,0.0,0.0,0.0,0.0,0.0,0.0,0,0,0,0,0,0,0,0,0,0,0.0,0.0,0.0,0,2025,6,25
2025/6/26,AMAT,0.0,0,0.0,0,0,1,0,1,802497984,0,802497984,20.503239902061868,20.52488060147948,0.0255809812946804,-0.845968306,0,0.0,0.0,0.0,0.0,0.0,0.0,0.0,0,0,0,0,0,0,0,0,0,0,0.0,0.0,0.0,0,2025,6,26
2025/6/27,AMAT,0.0,0,0.0,0,0,1,0,1,802497984,0,802497984,20.503239902061868,20.52477373116472,0.0256148886563828,-0.840676272,0,0.0,0.0,0.0,0.0,0.0,0.0,0.0,0,0,0,0,0,0,0,0,0,0,0.0,0.0,0.0,0,2025,6,27
2025/6/30,AMAT,0.0,0,0.0,0,0,1,0,1,803112000,0,803112000,20.50400474039158,20.524453120220464,0.0257136776122956,-0.795233577,0,0.0,0.0,0.0,0.0,0.0,0.0,0.0,0,0,0,0,0,0,0,0,0,0,0.0,0.0,0.0,0,2025,6,30
2025/7/1,AMAT,0.0,0,0.0,0,0,1,0,1,802497984,0,802497984,20.503239902061868,20.52434928497845,0.0257431924329953,-0.819998645,0,0.0,0.0,0.0,0.0,0.0,0.0,0.0,0,0,0,0,0,0,0,0,0,0,0.0,0.0,0.0,0,2025,7,1
2025/7/3,AMAT,0.0,0,0.0,0,0,1,0,1,802497984,0,802497984,20.503239902061868,20.52413554434894,0.0258056935583464,-0.809729924,0,0.0,0.0,0.0,0.0,0.0,0.0,0.0,0,0,0,0,0,0,0,0,0,0,0.0,0.0,0.0,0,2025,7,3
2025/7/7,AMAT,0.0,0,0.0,0,0,1,0,1,802497984,0,802497984,20.503239902061868,20.52370806308993,0.0259249577908466,-0.789515693,0,0.0,0.0,0.0,0.0,0.0,0.0,0.0,0,0,0,0,0,0,0,0,0,0,0.0,0.0,0.0,0,2025,7,7
2025/7/8,AMAT,0.0,0,0.0,0,0,1,0,1,803633984,0,803633984,20.504654480951583,20.523601192775185,0.0259535880803364,-0.73002283,0,0.0,0.0,0.0,0.0,0.0,0.0,0.0,0,0,0,0,0,0,0,0,0,0,0.0,0.0,0.0,0,2025,7,8
2025/7/9,AMAT,0.0,0,0.0,0,0,1,0,1,802497984,0,802497984,20.503239902061868,20.52349993586872,0.0259775230908894,-0.779906296,0,0.0,0.0,0.0,0.0,0.0,0.0,0.0,0,0,0,0,0,0,0,0,0,0,0.0,0.0,0.0,0,2025,7,9
2025/7/10,AMAT,0.0,0,0.0,0,0,1,0,1,802497984,0,802497984,20.503239902061868,20.52339306555397,0.0260052402119459,-0.774965481,0,0.0,0.0,0.0,0.0,0.0,0.0,0.0,0,0,0,0,0,0,0,0,0,0,0.0,0.0,0.0,0,2025,7,10
2025/7/11,AMAT,0.0,0,0.0,0,0,1,0,1,802497984,0,802497984,20.503239902061868,20.52328619523922,0.026032489095282,-0.770049038,0,0.0,0.0,0.0,0.0,0.0,0.0,0.0,0,0,0,0,0,0,0,0,0,0,0.0,0.0,0.0,0,2025,7,11
2025/7/14,AMAT,0.0,0,0.0,0,0,1,0,1,802497984,0,802497984,20.503239902061868,20.52296558429496,0.0261114408520629,-0.75544212,0,0.0,0.0,0.0,0.0,0.0,0.0,0.0,0,0,0,0,0,0,0,0,0,0,0.0,0.0,0.0,0,2025,7,14
2025/7/15,AMAT,0.0,0,0.0,0,0,1,0,1,802497984,0,802497984,20.503239902061868,20.52285871398021,0.0261368311635582,-0.750619377,0,0.0,0.0,0.0,0.0,0.0,0.0,0.0,0,0,0,0,0,0,0,0,0,0,0.0,0.0,0.0,0,2025,7,15
2025/7/16,AMAT,0.0,0,0.0,0,0,1,0,1,802497984,0,802497984,20.503239902061868,20.522751843665453,0.0261617602742163,-0.745819142,0,0.0,0.0,0.0,0.0,0.0,0.0,0.0,0,0,0,0,0,0,0,0,0,0,0.0,0.0,0.0,0,2025,7,16
2025/7/18,AMAT,0.0,0,0.0,0,0,1,0,1,802497984,0,802497984,20.503239902061868,20.52253810303595,0.0262102401325692,-0.736284783,0,0.0,0.0,0.0,0.0,0.0,0.0,0.0,0,0,0,0,0,0,0,0,0,0,0.0,0.0,0.0,0,2025,7,18
2025/7/21,AMAT,0.0,0,0.0,0,0,1,0,1,802497984,0,802497984,20.503239902061868,20.52221749209169,0.0262795329027436,-0.722143354,0,0.0,0.0,0.0,0.0,0.0,0.0,0.0,0,0,0,0,0,0,0,0,0,0,0.0,0.0,0.0,0,2025,7,21
2025/7/22,AMAT,0.0,0,0.0,0,0,1,0,1,802497984,0,802497984,20.503239902061868,20.52211062177694,0.0263017214605716,-0.717470898,0,0.0,0.0,0.0,0.0,0.0,0.0,0.0,0,0,0,0,0,0,0,0,0,0,0.0,0.0,0.0,0,2025,7,22
2025/7/23,AMAT,0.0,0,0.0,0,0,1,0,1,802497984,0,802497984,20.503239902061868,20.522003751462183,0.0263234574375072,-0.712818574,0,0.0,0.0,0.0,0.0,0.0,0.0,0.0,0,0,0,0,0,0,0,0,0,0,0.0,0.0,0.0,0,2025,7,23
2025/7/24,AMAT,0.0,0,0.0,0,0,1,0,1,802497984,0,802497984,20.503239902061868,20.52189688114744,0.0263447419537688,-0.708186063,0,0.0,0.0,0.0,0.0,0.0,0.0,0.0,0,0,0,0,0,0,0,0,0,0,0.0,0.0,0.0,0,2025,7,24
2025/7/25,AMAT,0.0,0,0.0,0,0,1,0,1,802497984,0,802497984,20.503239902061868,20.521790010832685,0.0263655761027277,-0.703573049,0,0.0,0.0,0.0,0.0,0.0,0.0,0.0,0,0,0,0,0,0,0,0,0,0,0.0,0.0,0.0,0,2025,7,25
2025/7/28,AMAT,0.0,0,0.0,0,0,1,0,1,802497984,0,802497984,20.503239902061868,20.520703063285232,0.024705879988646,-0.706842308,0,0.0,0.0,0.0,0.0,0.0,0.0,0.0,0,0,0,0,0,0,0,0,0,0,0.0,0.0,0.0,0,2025,7,28
2025/7/29,AMAT,0.0,0,0.0,0,0,1,0,1,802497984,0,802497984,20.503239902061868,20.520213024668884,0.0238063201235367,-0.712967083,0,0.0,0.0,0.0,0.0,0.0,0.0,0.0,0,0,0,0,0,0,0,0,0,0,0.0,0.0,0.0,0,2025,7,29
2025/7/30,AMAT,0.0,0,0.0,0,0,1,0,1,802497984,0,802497984,20.503239902061868,20.51972298605253,0.0228609049240009,-0.721016252,0,0.0,0.0,0.0,0.0,0.0,0.0,0.0,0,0,0,0,0,0,0,0,0,0,0.0,0.0,0.0,0,2025,7,30
2025/7/31,AMAT,0.0,0,0.0,0,0,1,0,1,802497984,0,802497984,20.503239902061868,20.519232947436183,0.0218636866601468,-0.731488958,0,0.0,0.0,0.0,0.0,0.0,0.0,0.0,0,0,0,0,0,0,0,0,0,0,0.0,0.0,0.0,0,2025,7,31
2025/8/4,AMAT,0.0,0,0.0,0,0,1,0,1,802497984,0,802497984,20.503239902061868,20.517272792970783,0.0171702451694289,-0.817279589,0,0.0,0.0,0.0,0.0,0.0,0.0,0.0,0,0,0,0,0,0,0,0,0,0,0.0,0.0,0.0,0,2025,8,4
2025/8/5,AMAT,0.0,0,0.0,0,0,1,0,1,802497984,0,802497984,20.503239902061868,20.51678275435444,0.0157421650719343,-0.860291595,0,0.0,0.0,0.0,0.0,0.0,0.0,0.0,0,0,0,0,0,0,0,0,0,0,0.0,0.0,0.0,0,2025,8,5
2025/8/6,AMAT,0.0,0,0.0,0,0,1,0,1,802497984,0,802497984,20.503239902061868,20.51629271573808,0.0141539368175337,-0.922203755,0,0.0,0.0,0.0,0.0,0.0,0.0,0.0,0,0,0,0,0,0,0,0,0,0,0.0,0.0,0.0,0,2025,8,6
2025/8/7,AMAT,0.0,0,0.0,0,0,1,0,1,802497984,0,802497984,20.503239902061868,20.51618584542333,0.0141504156903729,-0.914880781,0,0.0,0.0,0.0,0.0,0.0,0.0,0.0,0,0,0,0,0,0,0,0,0,0,0.0,0.0,0.0,5,2025,8,7
2025/8/8,AMAT,0.0,0,0.0,0,0,1,0,1,802497984,0,802497984,20.503239902061868,20.516078975108577,0.0141460863300638,-0.907606015,0,0.0,0.0,0.0,0.0,0.0,0.0,0.0,0,0,0,0,0,0,0,0,0,0,0.0,0.0,0.0,4,2025,8,8
2025/8/11,AMAT,0.0,0,0.0,0,0,1,0,1,802497984,0,802497984,20.503239902061868,20.515758364164324,0.0141282407266196,-0.886059513,0,0.0,0.0,0.0,0.0,0.0,0.0,0.0,0,0,0,0,0,0,0,0,0,0,0.0,0.0,0.0,3,2025,8,11
2025/8/12,AMAT,0.0,0,0.0,0,0,1,0,1,802497984,0,802497984,20.503239902061868,20.51565149384957,0.0141206696074647,-0.878966234,0,0.0,0.0,0.0,0.0,0.0,0.0,0.0,0,0,0,0,0,0,0,0,0,0,0.0,0.0,0.0,2,2025,8,12
2025/8/13,AMAT,0.0,0,0.0,0,0,1,0,1,802497984,0,802497984,20.503239902061868,20.51554462353482,0.0141122851363162,-0.871915594,0,0.0,0.0,0.0,0.0,0.0,0.0,0.0,0,0,0,0,0,0,0,0,0,0,0.0,0.0,0.0,1,2025,8,13
2025/8/14,AMAT,0.0,0,0.0,0,0,1,0,1,802497984,0,802497984,20.503239902061868,20.515435476980347,0.0141006611963553,-0.864893834,1,2.36,2.48,5.13,5.0847457627118695,5.13,5.13,-0.175318898,0,0,0,0,0,0,0,0,0,0,0.0,0.9555285759251751,1.541693164517927,0,2025,8,14
2025/8/15,AMAT,0.0,0,0.0,0,0,1,0,1,802497984,0,802497984,20.503239902061868,20.51532633042588,0.014088182091363,-0.85791256,0,0.0,0.0,0.0,0.0,0.0,0.0,0.0,0,0,0,0,0,0,0,0,0,0,0.0,0.0,0.0,0,2025,8,15
2025/8/19,AMAT,0.0,0,0.0,0,0,1,0,1,802497984,0,802497984,20.503239902061868,20.51407802531921,0.0113544253143502,-0.954528561,0,0.0,0.0,0.0,0.0,0.0,0.0,0.0,0,0,0,0,0,0,0,0,0,0,0.0,0.0,0.0,0,2025,8,19
2025/8/20,AMAT,0.0,0,0.0,0,0,1,0,1,802497984,0,802497984,20.503239902061868,20.513765949042547,0.0105379097121682,-0.99887428,0,0.0,0.0,0.0,0.0,0.0,0.0,0.0,0,0,0,0,0,0,0,0,0,0,0.0,0.0,0.0,0,2025,8,20
2025/8/21,AMAT,0.46,1,0.46,0,0,1,0,1,802497984,0,802497984,20.503239902061868,20.51357294903786,0.0102803987217188,-1.005121227,0,0.0,0.0,0.0,0.0,0.0,0.0,0.0,1,1,0,0,0,0,0,0,0,0,0.0,0.0,0.0,0,2025,8,21
2025/8/22,AMAT,0.0,0,0.0,0,0,1,0,1,802497984,0,802497984,20.503239902061868,20.51346607872311,0.0102472245025921,-0.997945996,0,0.0,0.0,0.0,0.0,0.0,0.0,0.0,0,0,0,0,0,0,0,0,0,0,0.0,0.0,0.0,0,2025,8,22
2025/8/25,AMAT,0.0,0,0.0,0,0,1,0,1,802497984,0,802497984,20.503239902061868,20.513014658883723,0.0098442966531515,-0.992936028,0,0.0,0.0,0.0,0.0,0.0,0.0,0.0,0,0,0,0,0,0,0,0,0,0,0.0,0.0,0.0,0,2025,8,25
2025/8/26,AMAT,0.0,0,0.0,0,0,1,0,1,796641984,0,796641984,20.495915932570245,20.51286629729892,0.0097078190125756,-1.746052816,0,0.0,0.0,0.0,0.0,0.0,0.0,0.0,0,0,0,0,0,0,0,0,0,0,0.0,0.0,0.0,0,2025,8,26
2025/8/27,AMAT,0.0,0,0.0,0,0,1,0,1,796641984,0,796641984,20.495915932570245,20.512782297576656,0.0097623893409722,-1.727688214,0,0.0,0.0,0.0,0.0,0.0,0.0,0.0,0,0,0,0,0,0,0,0,0,0,0.0,0.0,0.0,0,2025,8,27
2025/8/28,AMAT,0.0,0,0.0,0,0,1,0,1,796641984,0,796641984,20.495915932570245,20.512698297854385,0.0098159375202702,-1.709705797,0,0.0,0.0,0.0,0.0,0.0,0.0,0.0,0,0,0,0,0,0,0,0,0,0,0.0,0.0,0.0,0,2025,8,28
2025/8/29,AMAT,0.0,0,0.0,0,0,1,0,1,796641984,0,796641984,20.495915932570245,20.51261429813212,0.0098684801895878,-1.692090904,0,0.0,0.0,0.0,0.0,0.0,0.0,0.0,0,0,0,0,0,0,0,0,0,0,0.0,0.0,0.0,0,2025,8,29
2025/9/3,AMAT,0.0,0,0.0,0,0,1,0,1,796641984,0,796641984,20.495915932570245,20.51219429952078,0.0101166487486838,-1.609067128,0,0.0,0.0,0.0,0.0,0.0,0.0,0.0,0,0,0,0,0,0,0,0,0,0,0.0,0.0,0.0,0,2025,9,3
2025/9/4,AMAT,0.0,0,0.0,0,0,1,0,1,796641984,0,796641984,20.495915932570245,20.51211029979851,0.0101634729455334,-1.593389122,0,0.0,0.0,0.0,0.0,0.0,0.0,0.0,0,0,0,0,0,0,0,0,0,0,0.0,0.0,0.0,0,2025,9,4
2025/9/5,AMAT,0.0,0,0.0,0,0,1,0,1,796641984,0,796641984,20.495915932570245,20.512026300076244,0.0102093913049825,-1.577994909,0,0.0,0.0,0.0,0.0,0.0,0.0,0.0,0,0,0,0,0,0,0,0,0,0,0.0,0.0,0.0,0,2025,9,5
2025/9/8,AMAT,0.0,0,0.0,0,0,1,0,1,796641984,0,796641984,20.495915932570245,20.51177430090944,0.0103418308286854,-1.533419817,0,0.0,0.0,0.0,0.0,0.0,0.0,0.0,0,0,0,0,0,0,0,0,0,0,0.0,0.0,0.0,0,2025,9,8
2025/9/9,AMAT,0.0,0,0.0,0,0,1,0,1,796641984,0,796641984,20.495915932570245,20.51169030118717,0.0103842431484477,-1.519067725,0,0.0,0.0,0.0,0.0,0.0,0.0,0.0,0,0,0,0,0,0,0,0,0,0,0.0,0.0,0.0,0,2025,9,9
2025/9/10,AMAT,0.0,0,0.0,0,0,1,0,1,796641984,0,796641984,20.495915932570245,20.511606301464905,0.0104258061911938,-1.504954975,0,0.0,0.0,0.0,0.0,0.0,0.0,0.0,0,0,0,0,0,0,0,0,0,0,0.0,0.0,0.0,0,2025,9,10
2025/9/11,AMAT,0.0,0,0.0,0,0,1,0,1,796641984,0,796641984,20.495915932570245,20.51152230174264,0.0104665300744757,-1.491073838,0,0.0,0.0,0.0,0.0,0.0,0.0,0.0,0,0,0,0,0,0,0,0,0,0,0.0,0.0,0.0,0,2025,9,11
2025/9/12,AMAT,0.0,0,0.0,0,0,1,0,1,796641984,0,796641984,20.495915932570245,20.51143830202037,0.0105064245562795,-1.477416924,0,0.0,0.0,0.0,0.0,0.0,0.0,0.0,0,0,0,0,0,0,0,0,0,0,0.0,0.0,0.0,0,2025,9,12
2025/9/15,AMAT,0.0,0,0.0,0,0,1,0,1,796641984,0,796641984,20.495915932570245,20.511186302853567,0.0106212240814025,-1.437722259,0,0.0,0.0,0.0,0.0,0.0,0.0,0.0,0,0,0,0,0,0,0,0,0,0,0.0,0.0,0.0,0,2025,9,15
2025/9/16,AMAT,0.0,0,0.0,0,0,1,0,1,796641984,0,796641984,20.495915932570245,20.5111023031313,0.0106578918420823,-1.424894415,0,0.0,0.0,0.0,0.0,0.0,0.0,0.0,0,0,0,0,0,0,0,0,0,0,0.0,0.0,0.0,0,2025,9,16
2025/9/18,AMAT,0.0,0,0.0,0,0,1,0,1,796642427,0,796642427,20.495916488654267,20.510934305893446,0.0107288755970726,-1.399756862,0,0.0,0.0,0.0,0.0,0.0,0.0,0.0,0,0,0,0,0,0,0,0,0,0,0.0,0.0,0.0,0,2025,9,18
2025/9/19,AMAT,0.0,0,0.0,0,0,1,0,1,796642427,0,796642427,20.495916488654267,20.51085030837786,0.0107632071358249,-1.387487905,0,0.0,0.0,0.0,0.0,0.0,0.0,0.0,0,0,0,0,0,0,0,0,0,0,0.0,0.0,0.0,0,2025,9,19
2025/9/22,AMAT,0.0,0,0.0,0,0,1,0,1,796642427,0,796642427,20.495916488654267,20.510598315831103,0.0108616540946032,-1.351711908,0,0.0,0.0,0.0,0.0,0.0,0.0,0.0,0,0,0,0,0,0,0,0,0,0,0.0,0.0,0.0,0,2025,9,22
2025/9/23,AMAT,0.0,0,0.0,0,0,1,0,1,796642427,0,796642427,20.495916488654267,20.51051431831552,0.0108929766951475,-1.340113916,0,0.0,0.0,0.0,0.0,0.0,0.0,0.0,0,0,0,0,0,0,0,0,0,0,0.0,0.0,0.0,0,2025,9,23
2025/9/24,AMAT,0.0,0,0.0,0,0,1,0,1,796642427,0,796642427,20.495916488654267,20.510430320799934,0.0109235636001257,-1.328671913,0,0.0,0.0,0.0,0.0,0.0,0.0,0.0,0,0,0,0,0,0,0,0,0,0,0.0,0.0,0.0,0,2025,9,24
2025/9/25,AMAT,0.0,0,0.0,0,0,1,0,1,796642427,0,796642427,20.495916488654267,20.510346323284345,0.010953420972724,-1.317381544,0,0.0,0.0,0.0,0.0,0.0,0.0,0.0,0,0,0,0,0,0,0,0,0,0,0.0,0.0,0.0,0,2025,9,25
2025/9/26,AMAT,0.0,0,0.0,0,0,1,0,1,796642427,0,796642427,20.495916488654267,20.51026232576876,0.0109825547629036,-1.306238614,0,0.0,0.0,0.0,0.0,0.0,0.0,0.0,0,0,0,0,0,0,0,0,0,0,0.0,0.0,0.0,0,2025,9,26
2025/9/29,AMAT,0.0,0,0.0,0,0,1,0,1,796642427,0,796642427,20.495916488654267,20.51001033322201,0.0110656710809643,-1.273654753,0,0.0,0.0,0.0,0.0,0.0,0.0,0.0,0,0,0,0,0,0,0,0,0,0,0.0,0.0,0.0,0,2025,9,29
2025/9/30,AMAT,0.0,0,0.0,0,0,1,0,1,796642427,0,796642427,20.495916488654267,20.50992633570642,0.0110919660081323,-1.263062566,0,0.0,0.0,0.0,0.0,0.0,0.0,0.0,0,0,0,0,0,0,0,0,0,0,0.0,0.0,0.0,0,2025,9,30
2025/10/1,AMAT,0.0,0,0.0,0,0,1,0,1,796642427,0,796642427,20.495916488654267,20.50984233819084,0.0111175641313098,-1.252598984,0,0.0,0.0,0.0,0.0,0.0,0.0,0.0,0,0,0,0,0,0,0,0,0,0,0.0,0.0,0.0,0,2025,10,1
2025/10/3,AMAT,0.0,0,0.0,0,0,1,0,1,796642427,0,796642427,20.495916488654267,20.50967434315967,0.0111666890032133,-1.232044208,0,0.0,0.0,0.0,0.0,0.0,0.0,0.0,0,0,0,0,0,0,0,0,0,0,0.0,0.0,0.0,0,2025,10,3
2025/10/6,AMAT,0.0,0,0.0,0,0,1,0,1,818835472,0,818835472,20.523393733968824,20.5094367559106,0.0112442994591202,1.2412492311296823,0,0.0,0.0,0.0,0.0,0.0,0.0,0.0,0,0,0,0,0,0,0,0,0,0,0.0,0.0,0.0,0,2025,10,6
2025/10/7,AMAT,0.0,0,0.0,0,0,1,0,1,796642427,0,796642427,20.495916488654267,20.509466596848668,0.011271289062087,-1.202179105,0,0.0,0.0,0.0,0.0,0.0,0.0,0.0,0,0,0,0,0,0,0,0,0,0,0.0,0.0,0.0,0,2025,10,7
2025/10/8,AMAT,0.0,0,0.0,0,0,1,0,1,796642427,0,796642427,20.495916488654267,20.50938740109898,0.011296077703445,-1.19253008,0,0.0,0.0,0.0,0.0,0.0,0.0,0.0,0,0,0,0,0,0,0,0,0,0,0.0,0.0,0.0,0,2025,10,8
2025/10/9,AMAT,0.0,0,0.0,0,0,1,0,1,796642427,0,796642427,20.495916488654267,20.50930820534929,0.0113202580319476,-1.182986877,0,0.0,0.0,0.0,0.0,0.0,0.0,0.0,0,0,0,0,0,0,0,0,0,0,0.0,0.0,0.0,0,2025,10,9
2025/10/10,AMAT,0.0,0,0.0,0,0,1,0,1,796642427,0,796642427,20.495916488654267,20.5092290095996,0.0113438339376043,-1.173546882,0,0.0,0.0,0.0,0.0,0.0,0.0,0.0,0,0,0,0,0,0,0,0,0,0,0.0,0.0,0.0,0,2025,10,10
2025/10/13,AMAT,0.0,0,0.0,0,0,1,0,1,796642427,0,796642427,20.495916488654267,20.508991422350537,0.0114109721007865,-1.145821196,0,0.0,0.0,0.0,0.0,0.0,0.0,0.0,0,0,0,0,0,0,0,0,0,0,0.0,0.0,0.0,0,2025,10,13
2025/10/14,AMAT,0.0,0,0.0,0,0,1,0,1,796642427,0,796642427,20.495916488654267,20.50891222660085,0.0114321666819919,-1.13676946,0,0.0,0.0,0.0,0.0,0.0,0.0,0.0,0,0,0,0,0,0,0,0,0,0,0.0,0.0,0.0,0,2025,10,14
2025/10/15,AMAT,0.0,0,0.0,0,0,1,0,1,796642427,0,796642427,20.495916488654267,20.50883303085116,0.0114527744180713,-1.127809012,0,0.0,0.0,0.0,0.0,0.0,0.0,0.0,0,0,0,0,0,0,0,0,0,0,0.0,0.0,0.0,0,2025,10,15
2025/10/16,AMAT,0.0,0,0.0,0,0,1,0,1,796642427,0,796642427,20.495916488654267,20.50875383510148,0.011472798471344,-1.118937675,0,0.0,0.0,0.0,0.0,0.0,0.0,0.0,0,0,0,0,0,0,0,0,0,0,0.0,0.0,0.0,0,2025,10,16
2025/10/20,AMAT,0.0,0,0.0,0,0,1,0,1,796642427,0,796642427,20.495916488654267,20.50843705210272,0.0115471172593023,-1.084302096,0,0.0,0.0,0.0,0.0,0.0,0.0,0.0,0,0,0,0,0,0,0,0,0,0,0.0,0.0,0.0,0,2025,10,20
2025/10/21,AMAT,0.0,0,0.0,0,0,1,0,1,796642427,0,796642427,20.495916488654267,20.50835785635303,0.0115642665234434,-1.075845811,0,0.0,0.0,0.0,0.0,0.0,0.0,0.0,0,0,0,0,0,0,0,0,0,0,0.0,0.0,0.0,0,2025,10,21
2025/10/22,AMAT,0.0,0,0.0,0,0,1,0,1,796642427,0,796642427,20.495916488654267,20.50827866060333,0.0115808488254037,-1.067466827,0,0.0,0.0,0.0,0.0,0.0,0.0,0.0,0,0,0,0,0,0,0,0,0,0,0.0,0.0,0.0,0,2025,10,22
2025/10/23,AMAT,0.0,0,0.0,0,0,1,0,1,796642427,0,796642427,20.495916488654267,20.508199464853657,0.0115968665972726,-1.059163361,0,0.0,0.0,0.0,0.0,0.0,0.0,0.0,0,0,0,0,0,0,0,0,0,0,0.0,0.0,0.0,0,2025,10,23
2025/10/24,AMAT,0.0,0,0.0,0,0,1,0,1,796642427,0,796642427,20.495916488654267,20.50806991633097,0.0115509196311379,-1.052161046,0,0.0,0.0,0.0,0.0,0.0,0.0,0.0,0,0,0,0,0,0,0,0,0,0,0.0,0.0,0.0,0,2025,10,24
2025/10/27,AMAT,0.0,0,0.0,0,0,1,0,1,796642427,0,796642427,20.495916488654267,20.507681270762923,0.0114031416214332,-1.03171411,0,0.0,0.0,0.0,0.0,0.0,0.0,0.0,0,0,0,0,0,0,0,0,0,0,0.0,0.0,0.0,0,2025,10,27
2025/10/28,AMAT,0.0,0,0.0,0,0,1,0,1,796642427,0,796642427,20.495916488654267,20.507551722240244,0.0113504980388835,-1.025085732,0,0.0,0.0,0.0,0.0,0.0,0.0,0.0,0,0,0,0,0,0,0,0,0,0,0.0,0.0,0.0,0,2025,10,28
